"","lon","lat","AOD","DQF","hour"
"15198",-71.105484,41.758175,-3.000677626791,1,16
"15443",-71.26004,41.728176,-3.35089463848271,1,16
"15699",-71.13486,41.700867,-3.4641543622638,1,16
"16443",-71.369,41.613823,0.766192458962905,1,16
"16448",-71.24222,41.61442,1.25640471532824,1,16
"16694",-71.370834,41.58535,0.742478418171231,1,16
"16718",-70.76203,41.59051,0.897855743358377,1,16
"16968",-70.78953,41.561848,1.04590826830099,1,16
"16969",-70.764145,41.562187,0.999670466757379,1,16
"16970",-70.73879,41.562275,0.913512503881066,1,16
"17204",-71.17183,41.53019,-3.57137112584314,1,16
"17215",-70.89305,41.53264,1.02118706747569,1,16
"17216",-70.86769,41.53286,1.03144178781804,1,16
"17219",-70.79163,41.533497,1.00846022705082,1,16
"17222",-70.71555,41.534245,1.01853182738705,1,16
"17465",-70.920456,41.50392,0.832573461178981,1,16
"17466",-70.895096,41.50431,0.833397501206491,1,16
"17467",-70.869774,41.50443,0.910948823795479,1,16
"17471",-70.76839,41.50543,0.951601465152635,1,16
"17715",-70.947754,41.47577,0.756303978632786,1,16
"17716",-70.922455,41.47587,0.768481459039322,1,16
"17717",-70.89713,41.476044,0.988683266390581,1,16
"17718",-70.87182,41.476162,0.946657224987575,1,16
"17721",-70.79584,41.4768,1.29266247653868,1,16
"17722",-70.77049,41.477135,1.51872412408557,1,16
"17960",-71.10161,41.446175,0.679210456059081,1,16
"17961",-71.07632,41.446312,0.688458016367804,1,16
"17962",-71.05101,41.446552,0.699811456746829,1,16
"17963",-71.02572,41.446674,0.710523977104458,1,16
"17964",-71.000404,41.4469,0.721511177471257,1,16
"17965",-70.975105,41.447063,0.764086578892602,1,16
"17966",-70.949776,41.44744,0.775897819286911,1,16
"17967",-70.92447,41.447647,1.05240902851801,1,16
"18199",-71.40693,41.41536,0.641213054790569,1,16
"18200",-71.38165,41.41556,0.69349381653592,1,16
"18201",-71.3564,41.41558,0.659067255386617,1,16
"18202",-71.33111,41.4159,0.576571692632569,1,16
"18203",-71.30584,41.416084,0.590305693091068,1,16
"18204",-71.28058,41.416107,0.724807337581296,1,16
"18205",-71.25529,41.41639,0.647164454989252,1,16
"18206",-71.23002,41.416557,0.618048374017235,1,16
"18207",-71.20472,41.416855,0.626197214289277,1,16
"18208",-71.179436,41.41701,0.633155774521583,1,16
"18209",-71.15415,41.417267,0.735336737932812,1,16
"18210",-71.12887,41.417416,0.703565416872152,1,16
"18211",-71.10358,41.417694,0.75538837860222,1,16
"18212",-71.07829,41.41785,0.671519415802322,1,16
"18213",-71.05299,41.418095,0.677379255997948,1,16
"18214",-71.02772,41.41822,0.788349979702616,1,16
"18215",-71.00242,41.418446,0.81041594043927,1,16
"18216",-70.977135,41.418583,0.760332618767279,1,16
"18217",-70.95181,41.41896,0.958651585387997,1,16
"18218",-70.92652,41.419167,1.02393386756739,1,16
"18219",-70.9012,41.41956,1.27764663603739,1,16
"18450",-71.40871,41.38714,0.72444109756907,1,16
"18451",-71.38344,41.38742,0.690380776431994,1,16
"18452",-71.35819,41.387486,0.691754176477843,1,16
"18453",-71.332924,41.387703,0.743760258214024,1,16
"18454",-71.30765,41.387974,0.717482537336764,1,16
"18455",-71.28241,41.38799,0.764819058917055,1,16
"18456",-71.25714,41.38819,0.685344976263877,1,16
"18457",-71.23186,41.388466,0.787800619684276,1,16
"18458",-71.2066,41.388638,0.717024737321481,1,16
"18459",-71.18133,41.38879,0.774158179228834,1,16
"18460",-71.15602,41.389263,0.830376021105621,1,16
"18461",-71.13078,41.38922,0.788990899724013,1,16
"18464",-71.05495,41.389874,0.81645890064101,1,16
"18465",-71.02968,41.389996,0.791371459803486,1,16
"18466",-71.0044,41.3902,0.699903016749886,1,16
"18472",-70.85267,41.39163,0.926422464312054,1,16
"18473",-70.82736,41.392,0.887875703025202,1,16
"18474",-70.80209,41.39205,0.848047101695556,1,16
"18700",-71.43575,41.358524,0.665476455600583,1,16
"18701",-71.4105,41.35876,0.673716855875682,1,16
"18702",-71.38524,41.35907,0.592960933179711,1,16
"18703",-71.360016,41.35908,0.69074701644422,1,16
"18704",-71.33476,41.3593,0.612371653827722,1,16
"18705",-71.3095,41.35959,0.620428934096708,1,16
"18706",-71.28426,41.35961,0.628669334371807,1,16
"18707",-71.25901,41.359787,0.632606414503243,1,16
"18708",-71.23374,41.360065,0.652658055172651,1,16
"18709",-71.208496,41.360256,0.661539375469147,1,16
"18710",-71.18322,41.360523,0.666849855646433,1,16
"18711",-71.157936,41.36097,0.63077521444211,1,16
"18712",-71.132675,41.361115,0.689465176401427,1,16
"18713",-71.107445,41.3611,0.747697338345461,1,16
"18714",-71.08218,41.36134,0.758409858703089,1,16
"18715",-71.05692,41.361473,0.669779775744246,1,16
"18716",-71.031654,41.36171,0.727828817682166,1,16
"18717",-71.00639,41.361824,0.689831416413654,1,16
"18718",-70.981125,41.362076,0.751909098486067,1,16
"18721",-70.90528,41.36294,0.887601023016032,1,16
"18722",-70.88001,41.363064,0.799337180069415,1,16
"18723",-70.85475,41.36323,0.862330462172395,1,16
"18852",-73.931114,41.317757,1.05240902851801,1,16
"18949",-71.487976,41.329952,0.641945534815022,1,16
"18950",-71.46276,41.33001,0.690655456441164,1,16
"18951",-71.437515,41.330334,0.698987416719319,1,16
"18952",-71.41227,41.330566,0.534728771235677,1,16
"18953",-71.387024,41.33088,0.588474493029935,1,16
"18954",-71.3618,41.330917,0.631416134463507,1,16
"18955",-71.33656,41.331135,0.557893452009012,1,16
"18956",-71.31132,41.331406,0.656228895291861,1,16
"18957",-71.286095,41.331425,0.613378813861345,1,16
"18958",-71.26086,41.331627,0.75621241862973,1,16
"18959",-71.2356,41.3319,0.68937361639837,1,16
"18960",-71.210365,41.33207,0.790181179763749,1,16
"18961",-71.185104,41.332336,0.797597540011338,1,16
"18962",-71.15983,41.33278,0.667032975652546,1,16
"18963",-71.13458,41.332928,0.820670660781616,1,16
"18964",-71.10933,41.33318,0.737625738009228,1,16
"18965",-71.08411,41.333183,0.747972018354631,1,16
"18966",-71.05886,41.333313,0.758592978709203,1,16
"18967",-71.03361,41.333546,0.709059017055552,1,16
"18968",-71.00836,41.333668,0.679851376080478,1,16
"18969",-70.9831,41.33389,0.690014536419767,1,16
"18970",-70.957825,41.33427,0.803548940210021,1,16
"18971",-70.93258,41.33437,0.709242137061665,1,16
"18972",-70.9073,41.33474,0.722152097492653,1,16
"18973",-70.882034,41.334965,0.828636381047545,1,16
"18974",-70.8568,41.33505,0.840905421457137,1,16
"19103",-73.93164,41.289516,1.09141358982015,1,16
"19193",-71.66622,41.300465,0.620703614105878,1,16
"19194",-71.64098,41.300858,0.625830974277051,1,16
"19195",-71.615776,41.300953,0.557344091990672,1,16
"19196",-71.590576,41.301037,0.564302652222977,1,16
"19197",-71.56535,41.30128,0.568148172351357,1,16
"19198",-71.540146,41.30136,0.576571692632569,1,16
"19199",-71.51491,41.30172,0.586277052956575,1,16
"19200",-71.489685,41.301975,0.62940181439626,1,16
"19201",-71.464485,41.30204,0.637459094665246,1,16
"19202",-71.43925,41.30236,0.607427413662663,1,16
"19203",-71.41402,41.302593,0.611456053797156,1,16
"19204",-71.38878,41.302906,0.707685617009702,1,16
"19205",-71.36361,41.30265,0.627845294344297,1,16
"19206",-71.33837,41.30295,0.632514854500187,1,16
"19207",-71.31315,41.303135,0.600011053415074,1,16
"19208",-71.28794,41.303158,0.607518973665719,1,16
"19209",-71.26269,41.303467,0.709059017055552,1,16
"19210",-71.237465,41.303635,0.725356697599636,1,16
"19211",-71.21224,41.303802,0.734878937917529,1,16
"19212",-71.187,41.304073,0.737717298012285,1,16
"19213",-71.161736,41.304516,0.791463019806542,1,16
"19214",-71.1365,41.30469,0.756670218645013,1,16
"19215",-71.11126,41.304916,0.81453614057682,1,16
"19216",-71.08603,41.30508,0.689831416413654,1,16
"19217",-71.06078,41.30532,0.699628336740716,1,16
"19218",-71.03555,41.305443,0.842004141493817,1,16
"19219",-71.0103,41.30567,0.754472778571653,1,16
"19220",-70.98508,41.30579,0.767016498990415,1,16
"19221",-70.95981,41.306194,0.790455859772919,1,16
"19222",-70.934555,41.306408,0.84768086168333,1,16
"19223",-70.90929,41.306767,0.814993940592103,1,16
"19224",-70.884056,41.306892,0.722335217498767,1,16
"19225",-70.8588,41.307083,0.776264059299137,1,16
"19354",-73.932175,41.261303,1.0336392278914,1,16
"19424",-72.171646,41.268677,0.460290488750616,1,16
"19428",-72.07092,41.269375,0.514494010560156,1,16
"19429",-72.04573,41.26959,0.518888890706876,1,16
"19432",-71.97019,41.27001,0.792561739843222,1,16
"19433",-71.945,41.2702,0.706495336969965,1,16
"19434",-71.91981,41.270363,0.548371211691119,1,16
"19435",-71.89463,41.270515,0.517515490661026,1,16
"19436",-71.86944,41.270664,0.594883693243901,1,16
"19437",-71.84425,41.27081,0.566774772305507,1,16
"19438",-71.81904,41.271214,0.608434573696286,1,16
"19439",-71.79384,41.27137,0.616308733959158,1,16
"19440",-71.768654,41.271526,0.509091970379814,1,16
"19441",-71.74347,41.27162,0.556153811950935,1,16
"19442",-71.71828,41.271736,0.564119532216864,1,16
"19443",-71.69307,41.272034,0.489955929740972,1,16
"19444",-71.66788,41.27214,0.576846372641739,1,16
"19445",-71.642654,41.27253,0.543884771541343,1,16
"19446",-71.61746,41.2726,0.550660211767536,1,16
"19447",-71.59228,41.27269,0.599187013387564,1,16
"19448",-71.56706,41.272957,0.521635690798576,1,16
"19449",-71.54187,41.273033,0.567598812333017,1,16
"19450",-71.51665,41.273396,0.659433495398844,1,16
"19451",-71.49143,41.27363,0.586551732965745,1,16
"19452",-71.46625,41.273685,0.673625295872625,1,16
"19453",-71.44101,41.274036,0.640572134769172,1,16
"19454",-71.4158,41.274265,0.565309812256601,1,16
"19455",-71.39058,41.27453,0.57300085251336,1,16
"19456",-71.36539,41.274567,0.619147094053915,1,16
"19457",-71.340195,41.274624,0.585636132935178,1,16
"19458",-71.31498,41.27482,0.640114334753889,1,16
"19459",-71.28979,41.274834,0.644600774903665,1,16
"19460",-71.264565,41.275097,0.612921013846062,1,16
"19461",-71.23934,41.275265,0.669779775744246,1,16
"19462",-71.21411,41.275566,0.636085694619396,1,16
"19463",-71.188896,41.275745,0.735153617926699,1,16
"19464",-71.16364,41.276176,0.790638979779033,1,16
"19465",-71.138405,41.276455,0.661356255463033,1,16
"19466",-71.11319,41.276596,0.718031897355104,1,16
"19467",-71.08797,41.276817,0.728011937688279,1,16
"19468",-71.06275,41.276947,0.7860609796262,1,16
"19469",-71.03752,41.277184,0.786976579656766,1,16
"19470",-71.0123,41.27733,0.746964858321007,1,16
"19471",-70.98706,41.277554,0.889065983064938,1,16
"19472",-70.96181,41.27793,0.670054455753416,1,16
"19473",-70.936584,41.278065,0.734787377914472,1,16
"19474",-70.91132,41.27843,0.804006740225304,1,16
"19475",-70.88611,41.278526,0.763995018889545,1,16
"19476",-70.86087,41.278717,0.818656340714369,1,16
"19477",-70.83561,41.279064,0.825798020952789,1,16
"19482",-70.70937,41.28033,0.90023630343785,1,16
"19483",-70.68415,41.280357,0.909941663761856,1,16
"19484",-70.65889,41.280685,0.888516623046598,1,16
"19485",-70.63361,41.281025,0.951509905149578,1,16
"19486",-70.608376,41.28114,0.969455665748683,1,16
"19487",-70.58312,41.281433,0.933014784532133,1,16
"19488",-70.55792,41.28127,0.871578022481117,1,16
"19489",-70.53263,41.281734,0.93832526470942,1,16
"19490",-70.50737,41.282013,1.02237734751543,1,16
"19671",-72.27367,41.240124,0.486018849609536,1,16
"19672",-72.24852,41.24014,0.493801449869352,1,16
"19673",-72.22335,41.240364,0.498196330016071,1,16
"19674",-72.19819,41.240425,0.502316530153621,1,16
"19675",-72.17302,41.24064,0.473108889178548,1,16
"19676",-72.14785,41.240852,0.478327809352777,1,16
"19677",-72.12268,41.24108,0.520811650771066,1,16
"19678",-72.0975,41.24128,0.451500728457177,1,16
"19679",-72.072365,41.241234,0.531615731131751,1,16
"19680",-72.04719,41.24142,0.608343013693229,1,16
"19684",-71.94649,41.242172,0.562746132171014,1,16
"19686",-71.89613,41.242485,0.57574765260506,1,16
"19687",-71.870964,41.242607,0.577121052650909,1,16
"19688",-71.84579,41.24278,0.548371211691119,1,16
"19689",-71.82058,41.243206,0.596165533286694,1,16
"19690",-71.7954,41.243343,0.60065197343647,1,16
"19691",-71.770226,41.24347,0.608983933714626,1,16
"19692",-71.745056,41.24359,0.533996291211224,1,16
"19693",-71.71988,41.243706,0.580600332767062,1,16
"19694",-71.69468,41.244003,0.589939453078841,1,16
"19695",-71.669495,41.244106,0.631782374475733,1,16
"19696",-71.644325,41.244183,0.561555852131278,1,16
"19697",-71.61915,41.244274,0.611272933791042,1,16
"19701",-71.51838,41.245052,0.639015614717209,1,16
"19702",-71.49318,41.245308,0.560731812103768,1,16
"19703",-71.468,41.245365,0.688091776355577,1,16
"19704",-71.44279,41.245712,0.620520494099765,1,16
"19705",-71.417595,41.2459,0.584354292892385,1,16
"19706",-71.39237,41.24621,0.592594693167484,1,16
"19707",-71.367195,41.246277,0.549103691715572,1,16
"19708",-71.34199,41.246468,0.683055976187461,1,16
"19709",-71.31678,41.24676,0.606511813632096,1,16
"19710",-71.2916,41.24676,0.666941415649489,1,16
"19711",-71.266396,41.246964,0.63132457446045,1,16
"19712",-71.24117,41.24724,0.634803854576603,1,16
"19713",-71.21597,41.247433,0.738632898042852,1,16
"19714",-71.19076,41.2477,0.657419175331597,1,16
"19715",-71.16552,41.248123,0.703931656884379,1,16
"19716",-71.140305,41.2483,0.674724015909305,1,16
"19717",-71.11509,41.24855,0.719039057388727,1,16
"19718",-71.08989,41.248688,0.680400736098818,1,16
"19719",-71.06467,41.248928,0.702466696835472,1,16
"19720",-71.03946,41.249058,0.712080497156421,1,16
"19721",-71.01424,41.249313,0.672892815848172,1,16
"19722",-70.98903,41.2494,0.911406623810763,1,16
"19723",-70.96379,41.24978,0.680400736098818,1,16
"19724",-70.93856,41.250015,0.702283576829359,1,16
"19725",-70.91332,41.250404,0.690655456441164,1,16
"19726",-70.88811,41.250477,0.752824698516633,1,16
"19727",-70.86289,41.25067,0.75346561853803,1,16
"19728",-70.83764,41.25102,0.811972460491234,1,16
"19729",-70.81246,41.25091,1.25475663527322,1,16
"19730",-70.78722,41.251255,0.787342819668993,1,16
"19731",-70.76201,41.251316,0.754381218568597,1,16
"19732",-70.736755,41.251675,0.783771979549783,1,16
"19733",-70.71151,41.251972,0.850336101771973,1,16
"19734",-70.68629,41.252125,0.787983739690389,1,16
"19735",-70.66103,41.252434,0.805013900258928,1,16
"19736",-70.63578,41.252773,0.81755762067769,1,16
"19737",-70.61057,41.25278,0.873500782545307,1,16
"19738",-70.58532,41.25307,0.862696702184621,1,16
"19739",-70.560074,41.253304,0.87395858256059,1,16
"19740",-70.53482,41.253647,0.940064904767496,1,16
"19741",-70.50956,41.253952,0.945650064953952,1,16
"19900",-72.828064,41.209175,0.413137087176437,1,16
"19907",-72.652145,41.209873,0.447472088322684,1,16
"19908",-72.627,41.210026,0.420553447424027,1,16
"19909",-72.601875,41.210094,0.454888448570273,1,16
"19911",-72.551605,41.210293,0.400959606769902,1,16
"19913",-72.501335,41.210423,0.471918609138811,1,16
"19914",-72.47617,41.210728,0.445091528243211,1,16
"19915",-72.45104,41.210762,0.481898649471987,1,16
"19916",-72.4259,41.210873,0.420919687436253,1,16
"19917",-72.40074,41.211166,0.425039887573803,1,16
"19918",-72.37562,41.211136,0.462487928823975,1,16
"19919",-72.35046,41.211414,0.467249048982922,1,16
"19920",-72.32531,41.21153,0.438132968010905,1,16
"19921",-72.300156,41.211765,0.441886928136228,1,16
"19922",-72.275,41.21203,0.481440849456703,1,16
"19923",-72.24986,41.212025,0.452965688506083,1,16
"19924",-72.22471,41.212223,0.458276168683369,1,16
"19927",-72.14925,41.212738,0.473383569187718,1,16
"19928",-72.124084,41.21297,0.478602489361947,1,16
"19929",-72.09893,41.21314,0.446556488292117,1,16
"19930",-72.0738,41.21307,0.526488370960578,1,16
"19935",-71.94799,41.21401,0.590122573084955,1,16
"19936",-71.92282,41.21419,0.48290580950561,1,16
"19937",-71.89766,41.214348,0.569521572397207,1,16
"19938",-71.8725,41.214497,0.535919051275414,1,16
"19939",-71.847336,41.21467,0.539764571403794,1,16
"19940",-71.82214,41.21505,0.547547171663609,1,16
"19941",-71.796974,41.21518,0.552216731819499,1,16
"19942",-71.77181,41.215332,0.517332370654913,1,16
"19943",-71.74664,41.21548,0.527770211003372,1,16
"19944",-71.72149,41.21557,0.534362531223451,1,16
"19945",-71.696304,41.215843,0.617132773986668,1,16
"19946",-71.67113,41.215973,0.590946613112465,1,16
"19947",-71.64594,41.21634,0.511289410453173,1,16
"19952",-71.52009,41.21692,0.546082211614703,1,16
"19953",-71.49489,41.217278,0.553407011859235,1,16
"19954",-71.46972,41.21731,0.559083732048748,1,16
"19955",-71.444534,41.217556,0.645882614946458,1,16
"19956",-71.419334,41.217903,0.620795174108935,1,16
"19957",-71.394135,41.2181,0.535827491272357,1,16
"19958",-71.36897,41.21812,0.588840733042161,1,16
"19959",-71.34378,41.21842,0.591679093136918,1,16
"19960",-71.31859,41.21861,0.639931214747776,1,16
"19961",-71.29342,41.21863,0.568422852360527,1,16
"19962",-71.26821,41.218937,0.623725094206748,1,16
"19963",-71.24302,41.219116,0.63297265451547,1,16
"19964",-71.21783,41.219276,0.729843137749413,1,16
"19965",-71.19263,41.21957,0.648812535044271,1,16
"19966",-71.1674,41.219994,0.650002815084008,1,16
"19967",-71.142204,41.220146,0.712172057159478,1,16
"19968",-71.117,41.220394,0.707410937000532,1,16
"19969",-71.091805,41.220562,0.632331734494073,1,16
"19970",-71.0666,41.220802,0.774341299234948,1,16
"19971",-71.041405,41.220905,0.637550654668303,1,16
"19972",-71.0162,41.22113,0.698529616704036,1,16
"19973",-70.991005,41.22125,0.758318298700033,1,16
"19974",-70.96577,41.221653,0.730209377761639,1,16
"19975",-70.94057,41.221867,0.791463019806542,1,16
"19976",-70.91533,41.222263,0.753648738544143,1,16
"19977",-70.89013,41.222355,0.803182700197794,1,16
"19983",-70.73885,41.223503,0.832390341172868,1,16
"19984",-70.713615,41.223846,0.768023659024038,1,16
"19985",-70.6884,41.224007,0.801717740148888,1,16
"19986",-70.66316,41.22432,0.862513582178508,1,16
"19987",-70.637924,41.224625,0.873042982530023,1,16
"19988",-70.612724,41.22466,0.839348901405174,1,16
"19989",-70.58749,41.224976,0.837609261347097,1,16
"19990",-70.56226,41.225166,0.899320703407284,1,16
"19991",-70.53701,41.225525,0.87395858256059,1,16
"19992",-70.511765,41.22583,0.868831222389417,1,16
"19993",-70.48652,41.22611,0.888241943037428,1,16
"19994",-70.46131,41.226185,0.861689542150998,1,16
"20145",-72.97983,41.18021,0.32679600429401,1,16
"20146",-72.95471,41.18036,0.361405685449427,1,16
"20147",-72.92961,41.180305,0.45031044841744,1,16
"20148",-72.90449,41.1805,0.427328887650219,1,16
"20149",-72.87938,41.180656,0.403157046843262,1,16
"20150",-72.85425,41.18086,0.375689045926265,1,16
"20151",-72.82913,41.180977,0.347488564984815,1,16
"20152",-72.80402,41.1809,0.413411767185607,1,16
"20156",-72.70354,41.18143,0.435569287925318,1,16
"20157",-72.67842,41.181595,0.439689488062868,1,16
"20158",-72.653275,41.18197,0.474299169218284,1,16
"20159",-72.62816,41.18201,0.44728896831657,1,16
"20160",-72.60303,41.18219,0.451775408466347,1,16
"20161",-72.5779,41.182228,0.455895608603896,1,16
"20162",-72.55278,41.18234,0.396930966635409,1,16
"20163",-72.527664,41.182392,0.432822487833619,1,16
"20164",-72.50254,41.18252,0.467249048982922,1,16
"20165",-72.477394,41.182823,0.441062888108718,1,16
"20166",-72.45227,41.18283,0.413045527173381,1,16
"20167",-72.42715,41.182945,0.513120610514306,1,16
"20168",-72.402,41.183212,0.421194367445423,1,16
"20169",-72.376884,41.18323,0.458367728686426,1,16
"20170",-72.35174,41.18351,0.429709447729692,1,16
"20177",-72.17577,41.18457,0.571719012470567,1,16
"20178",-72.15062,41.184803,0.504880210239207,1,16
"20179",-72.12548,41.185017,0.51028225041955,1,16
"20180",-72.100334,41.185215,0.51385309053876,1,16
"20181",-72.07521,41.185143,0.595799293274467,1,16
"20182",-72.05006,41.185383,0.527037730978918,1,16
"20183",-72.02491,41.18554,0.494991729909088,1,16
"20184",-71.999756,41.18574,0.500485330092488,1,16
"20185",-71.97462,41.185886,0.504880210239207,1,16
"20186",-71.94946,41.186108,0.549744611736969,1,16
"20187",-71.92434,41.185978,0.556977851978445,1,16
"20188",-71.89919,41.18613,0.523833130871935,1,16
"20189",-71.87404,41.18628,0.490047489744029,1,16
"20190",-71.84889,41.186428,0.57519829258672,1,16
"20191",-71.82371,41.18686,0.542511371495493,1,16
"20192",-71.79855,41.18699,0.588474493029935,1,16
"20193",-71.77341,41.187145,0.596714893305034,1,16
"20194",-71.748245,41.187267,0.604039693549566,1,16
"20195",-71.7231,41.18736,0.610265773757419,1,16
"20196",-71.69793,41.18763,0.615759373940818,1,16
"20197",-71.672775,41.187763,0.582065292815969,1,16
"20198",-71.64759,41.18813,0.629584934402374,1,16
"20204",-71.4966,41.189228,0.671702535808436,1,16
"20205",-71.47144,41.189293,0.679302016062138,1,16
"20206",-71.44625,41.189613,0.686993056318897,1,16
"20207",-71.421074,41.18985,0.654306135227671,1,16
"20208",-71.39589,41.19014,0.659158815389674,1,16
"20209",-71.370735,41.19018,0.669688215741189,1,16
"20210",-71.34556,41.190395,0.719405297400954,1,16
"20211",-71.320366,41.190693,0.675364935930702,1,16
"20212",-71.29521,41.19074,0.757677378678636,1,16
"20213",-71.270035,41.1909,0.65925037539273,1,16
"20214",-71.244835,41.191174,0.712172057159478,1,16
"20215",-71.21966,41.191338,0.765002178923169,1,16
"20216",-71.194466,41.19163,0.730026257755526,1,16
"20217",-71.16925,41.192055,0.739273818064248,1,16
"20218",-71.144066,41.192234,0.694500976569543,1,16
"20219",-71.11887,41.19246,0.758318298700033,1,16
"20220",-71.09369,41.192623,0.768206779030152,1,16
"20221",-71.068504,41.192837,0.720229337428464,1,16
"20222",-71.04335,41.19278,0.809134100396477,1,16
"20223",-71.018166,41.19293,0.703016056853812,1,16
"20224",-70.992966,41.19315,0.780384259436687,1,16
"20225",-70.96775,41.19351,0.905638343618193,1,16
"20226",-70.942566,41.193638,0.928894584394584,1,16
"20227",-70.91734,41.19403,0.90325778353872,1,16
"20228",-70.89216,41.194126,0.850519221778086,1,16
"20229",-70.866974,41.19427,0.795308539934922,1,16
"20230",-70.84174,41.19465,0.971469985815929,1,16
"20231",-70.81657,41.194725,0.767108058993472,1,16
"20232",-70.791336,41.19509,0.84356066154578,1,16
"20233",-70.76614,41.195213,0.854456301909522,1,16
"20234",-70.74091,41.195564,0.855463461943145,1,16
"20235",-70.71569,41.19592,0.810049700427044,1,16
"20236",-70.69051,41.19592,0.822044060827466,1,16
"20237",-70.66528,41.196255,0.844476261576347,1,16
"20238",-70.64005,41.19659,0.90078566345619,1,16
"20245",-70.463524,41.19815,0.945283824941725,1,16
"20246",-70.438255,41.198677,0.867091582331341,1,16
"20393",-73.05613,41.15173,0.344650204890058,1,16
"20394",-73.03103,41.151867,0.378252726011851,1,16
"20395",-73.005936,41.151863,0.351425645116251,1,16
"20396",-72.98082,41.15212,0.355088045238517,1,16
"20397",-72.95572,41.152237,0.358201085342444,1,16
"20398",-72.930626,41.152195,0.36158880545554,1,16
"20399",-72.90552,41.15243,0.396198486610956,1,16
"20400",-72.88041,41.15256,0.368822045697016,1,16
"20401",-72.8553,41.15274,0.431082847775542,1,16
"20402",-72.83019,41.152855,0.375963725935435,1,16
"20403",-72.80511,41.152786,0.379717686060758,1,16
"20404",-72.77999,41.153,0.413686447194777,1,16
"20405",-72.75486,41.153366,0.41716572731093,1,16
"20406",-72.72977,41.15328,0.428336047683842,1,16
"20407",-72.70466,41.153366,0.431815327799995,1,16
"20408",-72.67955,41.15353,0.465784088934015,1,16
"20409",-72.65443,41.153854,0.439781048065925,1,16
"20410",-72.62932,41.1539,0.443351888185134,1,16
"20411",-72.6042,41.154076,0.41716572731093,1,16
"20412",-72.579094,41.15411,0.45113448844495,1,16
"20413",-72.55398,41.154274,0.455529368591669,1,16
"20414",-72.52887,41.154297,0.459832688735332,1,16
"20415",-72.50376,41.154408,0.432181567812222,1,16
"20416",-72.47863,41.154713,0.437125807977282,1,16
"20417",-72.45352,41.15472,0.441246008114831,1,16
"20418",-72.428406,41.15483,0.445549328258494,1,16
"20428",-72.177155,41.156464,0.494533929893805,1,16
"20429",-72.152016,41.1567,0.499752850068035,1,16
"20430",-72.12688,41.15693,0.468347769019601,1,16
"20431",-72.101746,41.157127,0.583804932874045,1,16
"20432",-72.07664,41.15706,0.587650453002425,1,16
"20433",-72.051506,41.157246,0.521544130795519,1,16
"20434",-72.02637,41.15743,0.489589689728746,1,16
"20435",-72.001236,41.157608,0.566774772305507,1,16
"20436",-71.97609,41.15781,0.538848971373227,1,16
"20437",-71.95096,41.158,0.544342571556626,1,16
"20438",-71.92581,41.158134,0.551026451779762,1,16
"20439",-71.900696,41.158104,0.552216731819499,1,16
"20440",-71.875565,41.158253,0.559358412057918,1,16
"20441",-71.85042,41.158424,0.56997937241249,1,16
"20442",-71.825264,41.15875,0.57272617250419,1,16
"20443",-71.800125,41.158855,0.583164012852649,1,16
"20444",-71.77498,41.159016,0.626655014304561,1,16
"20445",-71.74985,41.159138,0.593418733194994,1,16
"20446",-71.72471,41.159252,0.601842253476207,1,16
"20447",-71.69954,41.159653,0.606328693625983,1,16
"20448",-71.67439,41.159733,0.534728771235677,1,16
"20449",-71.64923,41.160027,0.577121052650909,1,16
"20454",-71.523476,41.160873,0.657327615328541,1,16
"20455",-71.498314,41.161125,0.583713372870989,1,16
"20456",-71.47317,41.161186,0.632606414503243,1,16
"20457",-71.44799,41.16151,0.679485136068251,1,16
"20458",-71.42283,41.161724,0.641945534815022,1,16
"20459",-71.39765,41.162033,0.649270335059555,1,16
"20460",-71.37251,41.162075,0.695782816612336,1,16
"20461",-71.34734,41.162273,0.693585376538977,1,16
"20462",-71.32217,41.162567,0.777637459344987,1,16
"20463",-71.29703,41.162617,0.792561739843222,1,16
"20464",-71.27186,41.162796,0.683696896208858,1,16
"20465",-71.24667,41.163074,0.734787377914472,1,16
"20466",-71.22151,41.163216,0.746507058305724,1,16
"20467",-71.19633,41.16351,0.721236497462087,1,16
"20468",-71.171135,41.163933,0.774615979244118,1,16
"20469",-71.145966,41.164085,0.735977657954209,1,16
"20470",-71.12078,41.164333,0.778278379366384,1,16
"20471",-71.09561,41.1645,0.790364299769863,1,16
"20472",-71.07043,41.16472,0.756853338651126,1,16
"20473",-71.045265,41.16484,0.837700821350154,1,16
"20474",-71.02012,41.16481,0.646157294955628,1,16
"20475",-70.994934,41.16501,0.682598176172178,1,16
"20476",-70.96973,41.16541,1.02017990744207,1,16
"20477",-70.94456,41.165543,0.747147978327121,1,16
"20478",-70.91935,41.165886,0.849603621747519,1,16
"20479",-70.89416,41.16609,0.816550460644066,1,16
"20480",-70.86899,41.16618,0.850793901787256,1,16
"20481",-70.84379,41.166504,0.910216343771026,1,16
"20482",-70.818596,41.166714,0.761706018813129,1,16
"20483",-70.79339,41.167053,1.2434031948942,1,16
"20484",-70.76822,41.167126,0.829277301068942,1,16
"20485",-70.74301,41.167427,0.793843579886016,1,16
"20486",-70.71779,41.167778,0.900327863440907,1,16
"20487",-70.692604,41.16793,0.807119780329231,1,16
"20488",-70.66739,41.168243,0.8720358224964,1,16
"20489",-70.64217,41.168552,0.898954463395057,1,16
"20490",-70.617,41.16859,0.863703862218244,1,16
"20496",-70.46575,41.170013,0.884854222924332,1,16
"20497",-70.44048,41.17054,0.893003063196375,1,16
"20498",-70.41531,41.170536,0.897947303361434,1,16
"20643",-73.082146,41.12374,0.338149444673036,1,16
"20644",-73.05707,41.123745,0.341445604783075,1,16
"20645",-73.031975,41.12388,0.404713566895225,1,16
"20646",-73.006905,41.123848,0.378527406021021,1,16
"20647",-72.981804,41.124107,0.320844604095328,1,16
"20648",-72.95671,41.124252,0.354904925232404,1,16
"20649",-72.931625,41.124207,0.358384205348557,1,16
"20650",-72.90653,41.12442,0.36186348546471,1,16
"20651",-72.88144,41.124554,0.365434325583919,1,16
"20652",-72.85634,41.124756,0.369005165703129,1,16
"20653",-72.831245,41.124878,0.403706406861602,1,16
"20654",-72.80617,41.124775,0.376329965947662,1,16
"20655",-72.78106,41.125015,0.379992366069928,1,16
"20656",-72.75595,41.125355,0.383746326195251,1,16
"20657",-72.73087,41.12529,0.454522208558046,1,16
"20658",-72.70578,41.12533,0.488216289682896,1,16
"20659",-72.68068,41.1255,0.432456247821392,1,16
"20660",-72.65556,41.125843,0.436027087940602,1,16
"20661",-72.63047,41.125893,0.498654130031355,1,16
"20662",-72.60536,41.12609,0.474665409230511,1,16
"20663",-72.58027,41.12613,0.448204568347137,1,16
"20664",-72.55517,41.12627,0.451226048448007,1,16
"20665",-72.530075,41.12627,0.396381606617069,1,16
"20666",-72.50498,41.12629,0.429160087711352,1,16
"20667",-72.479866,41.1266,0.433188727845845,1,16
"20669",-72.429665,41.126743,0.441062888108718,1,16
"20679",-72.17856,41.12817,0.525114970914728,1,16
"20680",-72.15343,41.128407,0.530517011095071,1,16
"20684",-72.05296,41.12898,0.442253168148454,1,16
"20685",-72.02784,41.12914,0.521727250801632,1,16
"20686",-72.002716,41.129314,0.524290930887219,1,16
"20687",-71.97759,41.129513,0.492977409841842,1,16
"20688",-71.95246,41.12968,0.499569730061921,1,16
"20690",-71.902214,41.13,0.512388130489853,1,16
"20692",-71.85197,41.130318,0.563753292204638,1,16
"20693",-71.82681,41.130722,0.608159893687116,1,16
"20694",-71.80168,41.13086,0.576754812638683,1,16
"20695",-71.77654,41.131012,0.620612054102821,1,16
"20696",-71.75143,41.131134,0.590214133088011,1,16
"20697",-71.726295,41.131252,0.597996733347827,1,16
"20698",-71.70116,41.1315,0.563478612195468,1,16
"20699",-71.676025,41.131607,0.565950732277997,1,16
"20700",-71.65086,41.131996,0.577212612653966,1,16
"20705",-71.52516,41.132874,0.56970469240332,1,16
"20706",-71.500015,41.133102,0.652291815160424,1,16
"20707",-71.474884,41.13314,0.625739414273994,1,16
"20708",-71.44972,41.13349,0.592320013158314,1,16
"20709",-71.42457,41.133728,0.639931214747776,1,16
"20710",-71.39941,41.13401,0.647256014992308,1,16
"20711",-71.374275,41.13403,0.654672375239898,1,16
"20712",-71.34912,41.13425,0.616583413968328,1,16
"20713",-71.32396,41.13455,0.621436094130331,1,16
"20714",-71.29887,41.134304,0.631233014457393,1,16
"20715",-71.2737,41.13459,0.678935776049912,1,16
"20716",-71.248535,41.13476,0.712721417177818,1,16
"20717",-71.22339,41.134933,0.931549824483227,1,16
"20718",-71.19822,41.1352,0.712629857174761,1,16
"20719",-71.17303,41.13565,0.721511177471257,1,16
"20720",-71.147865,41.135803,0.720778697446804,1,16
"20721",-71.1227,41.13603,0.694775656578713,1,16
"20722",-71.09755,41.136196,0.789998059757636,1,16
"20723",-71.07238,41.136433,0.75291625851969,1,16
"20724",-71.047226,41.13654,0.765185298929282,1,16
"20725",-71.02206,41.13677,0.731674337810546,1,16
"20726",-70.996895,41.136883,0.765368418935395,1,16
"20727",-70.971695,41.137295,0.81673358065018,1,16
"20728",-70.946526,41.13748,0.900053183431737,1,16
"20729",-70.92133,41.137875,0.846124341631366,1,16
"20730",-70.89618,41.13797,1.194601713265,1,16
"20731",-70.87101,41.138138,0.849603621747519,1,16
"20732",-70.84581,41.138493,0.802816460185568,1,16
"20733",-70.82065,41.1386,0.815451740607386,1,16
"20734",-70.79544,41.138966,1.10560539029393,1,16
"20735",-70.77027,41.139084,1.09580846996687,1,16
"20736",-70.74508,41.13942,0.785969419623143,1,16
"20737",-70.71987,41.13974,0.836510541310417,1,16
"20738",-70.69472,41.13979,0.769488619072945,1,16
"20739",-70.66952,41.14011,1.95244385856495,1,16
"20740",-70.64431,41.14041,0.822318740836636,1,16
"20741",-70.61913,41.140556,0.878719702719536,1,16
"20746",-70.493164,41.14169,1.09416038991185,1,16
"20747",-70.46799,41.1418,1.19286207320692,1,16
"20889",-73.20845,41.095127,0.324598564220651,1,16
"20890",-73.18337,41.09532,0.335677324590506,1,16
"20891",-73.15831,41.095325,0.355271165244631,1,16
"20892",-73.13322,41.095592,0.304272243542073,1,16
"20893",-73.108154,41.09558,0.338424124682206,1,16
"20894",-73.08308,41.095753,0.337783204660809,1,16
"20895",-73.05801,41.09576,0.308484003682679,1,16
"20896",-73.03293,41.096004,0.343826164862548,1,16
"20897",-73.00786,41.095974,0.317640003988345,1,16
"20898",-72.98278,41.096127,0.348404165015381,1,16
"20899",-72.95769,41.09638,0.329634364388767,1,16
"20900",-72.932625,41.09631,0.355179605241574,1,16
"20901",-72.90755,41.096443,0.358658885357727,1,16
"20902",-72.882454,41.09665,0.331099324437673,1,16
"20903",-72.857376,41.096775,0.334395484547713,1,16
"20904",-72.83229,41.097,0.337874764663866,1,16
"20905",-72.80722,41.0969,0.341262484776962,1,16
"20906",-72.78214,41.097008,0.344833324896172,1,16
"20907",-72.75704,41.09735,0.380358606082154,1,16
"20908",-72.73197,41.097286,0.35609520527214,1,16
"20909",-72.70688,41.097458,0.39473352656205,1,16
"20910",-72.681816,41.097336,0.398945286702656,1,16
"20911",-72.656715,41.097675,0.462671048830089,1,16
"20912",-72.63163,41.097725,0.406361646950245,1,16
"20913",-72.60654,41.097923,0.382006686137174,1,16
"20914",-72.58146,41.097965,0.413686447194777,1,16
"20915",-72.556366,41.09808,0.678935776049912,1,16
"20916",-72.53129,41.098103,0.398304366681259,1,16
"20917",-72.506195,41.098232,0.425406127586029,1,16
"20928",-72.23012,41.100018,0.509641330398154,1,16
"20929",-72.20502,41.10008,0.444725288230984,1,16
"20930",-72.17991,41.1003,0.519987610743556,1,16
"20935",-72.054375,41.101086,0.473383569187718,1,16
"20936",-72.029274,41.101273,0.478602489361947,1,16
"20937",-72.00416,41.101444,0.484645449563686,1,16
"20944",-71.82835,41.102726,0.4848285695698,1,16
"20945",-71.80323,41.102863,0.490047489744029,1,16
"20946",-71.77811,41.103016,0.611181373787986,1,16
"20947",-71.753,41.103138,0.502591210162791,1,16
"20948",-71.72789,41.103237,0.550477091761422,1,16
"20949",-71.702736,41.10361,0.552399851825612,1,16
"20950",-71.67763,41.103718,0.521361010789406,1,16
"20951",-71.65249,41.104008,0.57052873243083,1,16
"20952",-71.627365,41.1041,0.577487292663136,1,16
"20953",-71.60228,41.10398,0.685253416260821,1,16
"20954",-71.57714,41.10428,0.651467775132915,1,16
"20955",-71.55202,41.104355,0.62885245437792,1,16
"20956",-71.52688,41.10467,0.603765013540396,1,16
"20957",-71.50174,41.1049,0.608800813708513,1,16
"20958",-71.476616,41.104965,0.57464893256838,1,16
"20959",-71.45147,41.105312,0.622717934173124,1,16
"20960",-71.42633,41.105553,0.501126250113884,1,16
"20961",-71.40118,41.10584,0.50808481034619,1,16
"20962",-71.37606,41.105854,0.558900612042635,1,16
"20963",-71.350914,41.106075,0.606328693625983,1,16
"20964",-71.32577,41.10637,0.614843773910252,1,16
"20965",-71.300644,41.106422,0.580783452773176,1,16
"20966",-71.275505,41.10658,0.636360374628566,1,16
"20967",-71.25035,41.106853,0.595799293274467,1,16
"20968",-71.225204,41.107025,0.802816460185568,1,16
"20969",-71.20005,41.107315,0.878445022710366,1,16
"20970",-71.17487,41.10772,0.623358854194521,1,16
"20971",-71.14973,41.107895,0.623358854194521,1,16
"20972",-71.12458,41.10812,0.596898013311147,1,16
"20973",-71.09943,41.108288,0.729385337734129,1,16
"20974",-71.07427,41.1085,0.845025621594687,1,16
"20975",-71.04913,41.108635,0.653390535197104,1,16
"20976",-71.02397,41.108887,0.517607050664083,1,16
"20977",-70.998825,41.108982,0.684887176248594,1,16
"20978",-70.97364,41.109364,0.877437862676743,1,16
"20979",-70.948494,41.109497,0.858668062050128,1,16
"20980",-70.92332,41.10986,0.713362337199214,1,16
"20981",-70.89815,41.110065,1.04133026814816,1,16
"20982",-70.87301,41.11013,0.992162546506734,1,16
"20983",-70.847824,41.11048,0.814719260582933,1,16
"20988",-70.721985,41.11155,0.837792381353211,1,16
"20989",-70.69684,41.1116,0.734970497920585,1,16
"20990",-70.671646,41.11191,1.08134198948392,1,16
"20991",-70.64646,41.11222,1.00314974687353,1,16
"20992",-70.62129,41.112366,0.859949902092922,1,16
"21136",-73.30955,41.06676,0.304180683539016,1,16
"21137",-73.2845,41.06671,0.335219524575223,1,16
"21138",-73.25944,41.067005,0.338790364694432,1,16
"21139",-73.234375,41.06702,0.400410246751562,1,16
"21140",-73.20932,41.067036,0.325056364235934,1,16
"21141",-73.18426,41.067257,0.330733084425447,1,16
"21142",-73.1592,41.067238,0.381365766115778,1,16
"21143",-73.13413,41.067528,0.326063524269557,1,16
"21144",-73.10908,41.067543,0.303997563532903,1,16
"21145",-73.08401,41.067715,0.318372484012798,1,16
"21146",-73.05895,41.067673,0.337233844642469,1,16
"21147",-73.03388,41.067917,0.368822045697016,1,16
"21148",-73.00883,41.06791,0.372301325813169,1,16
"21149",-72.983765,41.06806,0.345382684914512,1,16
"21150",-72.95869,41.068287,0.348770405027608,1,16
"21151",-72.93363,41.06824,0.33256428448658,1,16
"21152",-72.90856,41.06841,0.324781684226764,1,16
"21153",-72.88349,41.068615,0.35939136538218,1,16
"21154",-72.85842,41.068687,0.332198044474353,1,16
"21155",-72.83335,41.068913,0.366075245605316,1,16
"21156",-72.8083,41.06881,0.306744363624603,1,16
"21157",-72.78322,41.068943,0.404347326882998,1,16
"21158",-72.75813,41.069317,0.407735046996095,1,16
"21159",-72.73308,41.06923,0.418081327341497,1,16
"21160",-72.708,41.069393,0.390979566436727,1,16
"21161",-72.68293,41.069427,0.425406127586029,1,16
"21162",-72.65785,41.069614,0.399219966711826,1,16
"21163",-72.63278,41.069664,0.462945728839259,1,16
"21164",-72.607704,41.069843,0.436851127968112,1,16
"21165",-72.58264,41.069878,0.440696648096491,1,16
"21195",-71.82988,41.074753,0.557985012012068,1,16
"21196",-71.80478,41.074867,0.523009090844425,1,16
"21197",-71.77968,41.07502,0.566316972290224,1,16
"21198",-71.75457,41.07514,0.535644371266244,1,16
"21199",-71.72947,41.075264,0.584903652910725,1,16
"21200",-71.70435,41.075558,0.509916010407323,1,16
"21201",-71.679245,41.07564,0.594151213219448,1,16
"21202",-71.65412,41.07591,0.604863733577076,1,16
"21203",-71.62901,41.076027,0.528868931040051,1,16
"21204",-71.60391,41.076088,0.645516374934232,1,16
"21205",-71.57881,41.076202,0.580691892770119,1,16
"21206",-71.5537,41.07626,0.548920571709459,1,16
"21207",-71.52857,41.0766,0.599461693396734,1,16
"21208",-71.50344,41.076855,0.516142090615176,1,16
"21209",-71.47834,41.07689,0.56723257232079,1,16
"21210",-71.4532,41.077217,0.713087657190044,1,16
"21211",-71.42807,41.077454,0.537567131330434,1,16
"21212",-71.40293,41.077766,0.592869373176654,1,16
"21213",-71.37783,41.07778,0.640480574766116,1,16
"21214",-71.3527,41.077976,0.677104575988778,1,16
"21215",-71.32756,41.078304,0.607976773681003,1,16
"21216",-71.30245,41.078327,0.654947055249067,1,16
"21217",-71.27733,41.07848,0.629218694390147,1,16
"21218",-71.25218,41.078785,0.636726614640793,1,16
"21219",-71.22705,41.07893,0.640297454760002,1,16
"21220",-71.20191,41.079224,0.610906693778816,1,16
"21221",-71.17675,41.079647,0.651925575148198,1,16
"21222",-71.1516,41.079826,0.66282121551194,1,16
"21223",-71.12647,41.080025,0.671427855799266,1,16
"21224",-71.10133,41.080196,0.685161856257764,1,16
"21225",-71.076195,41.080433,0.767748979014868,1,16
"21226",-71.051056,41.080566,0.682781296178291,1,16
"21227",-71.02592,41.080772,0.703382296866039,1,16
"21228",-71.00078,41.080887,0.663553695536393,1,16
"21229",-70.97561,41.08127,0.924316584241751,1,16
"21230",-70.95046,41.08151,0.796773499983829,1,16
"21231",-70.92529,41.08188,0.848779581720009,1,16
"21232",-70.90016,41.081947,0.905272103605967,1,16
"21242",-70.64859,41.084133,1.07914454941056,1,16
"21243",-70.623436,41.08425,0.960849025461357,1,16
"21244",-70.59826,41.084576,0.916442423978879,1,16
"21386",-73.33541,41.03869,0.326612884287897,1,16
"21387",-73.31037,41.038704,0.331831804462126,1,16
"21389",-73.26027,41.039078,0.335860444596619,1,16
"21390",-73.23523,41.039097,0.561647412134334,1,16
"21391",-73.21019,41.03911,0.295024683233351,1,16
"21392",-73.18513,41.039333,0.346298284945078,1,16
"21393",-73.1601,41.03912,0.349319765045948,1,16
"21394",-73.13505,41.039307,0.32789472433069,1,16
"21395",-73.11,41.039326,0.326338204278727,1,16
"21396",-73.084946,41.03958,0.32954280438571,1,16
"21397",-73.059906,41.039562,0.392169846476463,1,16
"21398",-73.03485,41.039696,0.395649126592616,1,16
"21399",-73.00981,41.039696,0.369188285709242,1,16
"21400",-72.98475,41.039955,0.315625683921098,1,16
"21401",-72.959694,41.040073,0.300060483401467,1,16
"21402",-72.93465,41.040054,0.349045085036778,1,16
"21403",-72.909584,41.040295,0.290080443068291,1,16
"21404",-72.88453,41.040375,0.325056364235934,1,16
"21405",-72.859474,41.040577,0.390155526409217,1,16
"21406",-72.83441,41.040695,0.394001046537596,1,16
"21407",-72.809364,41.040623,0.335036404569109,1,16
"21408",-72.78431,41.040836,0.428793847699126,1,16
"21409",-72.75923,41.04118,0.404530446889112,1,16
"21410",-72.734184,41.041115,0.414418927219231,1,16
"21411",-72.70913,41.041157,0.553132331850065,1,16
"21412",-72.68407,41.041325,0.47960964939557,1,16
"21413",-72.659,41.041557,0.425680807595199,1,16
"21414",-72.633934,41.041718,0.458733968698652,1,16
"21415",-72.60887,41.041817,0.403248606846319,1,16
"21416",-72.5838,41.041958,0.436759567965055,1,16
"21447",-71.80636,41.046635,0.557435651993728,1,16
"21448",-71.781265,41.046764,0.724624217575183,1,16
"21449",-71.75618,41.04689,0.530791691104241,1,16
"21450",-71.731094,41.047,0.53820805135183,1,16
"21451",-71.70598,41.04728,0.504056170211697,1,16
"21452",-71.680885,41.047386,0.588382933026878,1,16
"21453",-71.65576,41.047756,0.557618771999842,1,16
"21454",-71.63068,41.04785,0.522642850832199,1,16
"21455",-71.60558,41.047943,0.567141012317734,1,16
"21456",-71.58047,41.048218,0.535644371266244,1,16
"21457",-71.555374,41.048298,0.585086772916839,1,16
"21458",-71.53025,41.04861,0.549195251718629,1,16
"21459",-71.505135,41.048862,0.593876533210278,1,16
"21460",-71.48005,41.048904,0.563203932186298,1,16
"21461",-71.45492,41.04925,0.568514412363584,1,16
"21462",-71.4298,41.04947,0.577853532675363,1,16
"21463",-71.40468,41.049778,0.54013081141602,1,16
"21464",-71.379585,41.0498,0.54480037157191,1,16
"21465",-71.35447,41.050022,0.507169210315624,1,16
"21466",-71.32934,41.050316,0.562288332155731,1,16
"21467",-71.30426,41.050232,0.652932735181821,1,16
"21468",-71.27912,41.05052,0.66309589552111,1,16
"21469",-71.25401,41.050697,0.586002372947405,1,16
"21470",-71.22888,41.050945,0.883847062890709,1,16
"21471",-71.203766,41.051136,0.719588417407067,1,16
"21472",-71.17861,41.05156,0.721602737474313,1,16
"21473",-71.15347,41.051823,0.686443696300557,1,16
"21474",-71.128365,41.051964,0.620428934096708,1,16
"21475",-71.103226,41.05221,0.849145821732236,1,16
"21476",-71.0781,41.052345,0.899229143404227,1,16
"21477",-71.05298,41.05256,0.650552175102348,1,16
"21478",-71.02788,41.052525,0.654947055249067,1,16
"21479",-71.00276,41.052616,0.621527654133388,1,16
"21480",-70.97761,41.053024,0.657419175331597,1,16
"21481",-70.95247,41.05324,0.673442175866512,1,16
"21482",-70.92731,41.05361,1.1863613129899,1,16
"21495",-70.600395,41.05658,0.778369939369441,1,16
"21615",-73.8868,41.008892,0.735519857938925,1,16
"21633",-73.43634,41.0103,0.295390923245577,1,16
"21634",-73.41131,41.010384,0.315351003911928,1,16
"21635",-73.3863,41.010277,0.372850685831509,1,16
"21636",-73.36125,41.010483,0.292918803163047,1,16
"21637",-73.33623,41.010525,0.29996892339841,1,16
"21638",-73.3112,41.01059,0.308575563685736,1,16
"21639",-73.28617,41.01062,0.33036684441322,1,16
"21640",-73.26112,41.01094,0.333205204507976,1,16
"21641",-73.23609,41.010956,0.365892125599203,1,16
"21642",-73.21107,41.010998,0.321302404110611,1,16
"21643",-73.18603,41.011192,0.736435457969492,1,16
"21644",-73.16099,41.011196,0.346481404951192,1,16
"21645",-73.13595,41.011463,0.320478364083101,1,16
"21646",-73.110916,41.011456,0.323591404187027,1,16
"21647",-73.08588,41.011627,0.356186765275197,1,16
"21648",-73.06084,41.011612,0.463952888872882,1,16
"21649",-73.0358,41.01188,0.340804684761679,1,16
"21650",-73.010765,41.01185,0.336226684608846,1,16
"21651",-72.98572,41.012,0.339980644734169,1,16
"21652",-72.96067,41.012226,0.372942245834565,1,16
"21653",-72.93564,41.01218,0.346023604935908,1,16
"21654",-72.9106,41.012318,0.350052245070401,1,16
"21655",-72.885544,41.012524,0.352799045162101,1,16
"21656",-72.860504,41.012627,0.38704248630529,1,16
"21657",-72.83545,41.012848,0.35966604539135,1,16
"21658",-72.81042,41.012775,0.36323688551056,1,16
"21659",-72.78537,41.012886,0.398029686672089,1,16
"21660",-72.760315,41.013206,0.370378565748979,1,16
"21697",-71.83298,41.01856,0.54589909160859,1,16
"21698",-71.8079,41.018696,0.512571250495967,1,16
"21699",-71.782814,41.01885,0.558442812027351,1,16
"21700",-71.757744,41.018974,0.562563012164901,1,16
"21701",-71.732666,41.01907,0.572085252482793,1,16
"21702",-71.70756,41.01945,0.57409957255004,1,16
"21703",-71.68247,41.019554,0.503964610208641,1,16
"21704",-71.65737,41.019844,0.62857777436875,1,16
"21705",-71.6323,41.01989,0.592411573161371,1,16
"21706",-71.60722,41.01998,0.696057496621506,1,16
"21707",-71.58211,41.020386,0.487209129649273,1,16
"21708",-71.55702,41.020466,0.617865254011122,1,16
"21709",-71.53192,41.0207,0.585361452926008,1,16
"21710",-71.50681,41.021015,0.589298533057445,1,16
"21711",-71.481735,41.02108,0.555421331926482,1,16
"21712",-71.45663,41.02132,0.60642025362904,1,16
"21713",-71.43151,41.021637,0.570711852436943,1,16
"21714",-71.40641,41.021824,0.488307849685953,1,16
"21715",-71.38133,41.021893,0.540313931422133,1,16
"21716",-71.35622,41.022167,0.547547171663609,1,16
"21717",-71.33111,41.022385,0.597355813326431,1,16
"21718",-71.30605,41.02222,0.607976773681003,1,16
"21719",-71.280945,41.022377,0.719039057388727,1,16
"21720",-71.25584,41.022655,0.618872414044745,1,16
"21721",-71.23073,41.022827,0.964969225598907,1,16
"21722",-71.205605,41.02313,1.11146523048956,1,16
"21723",-71.180466,41.023525,0.975956425965705,1,16
"21724",-71.15536,41.023705,0.808035380359797,1,16
"21725",-71.13024,41.02393,0.803365820203908,1,16
"21726",-71.10513,41.024094,0.713911697217554,1,16
"21728",-71.05491,41.024418,0.776813419317477,1,16
"21729",-71.02978,41.024677,0.755479938605276,1,16
"21730",-71.00468,41.024796,0.69321913652675,1,16
"21731",-70.97954,41.025154,0.816825140653236,1,16
"21732",-70.95442,41.025288,0.865443502276321,1,16
"21733",-70.92928,41.025658,1.64315416823956,1,16
"21880",-73.537155,40.98222,0.378344286014908,1,16
"21881",-73.51215,40.982006,0.355179605241574,1,16
"21882",-73.48714,40.982105,0.315167883905815,1,16
"21883",-73.46212,40.9822,0.411214327112248,1,16
"21884",-73.43709,40.982506,0.412862407167268,1,16
"21888",-73.33702,40.98278,0.402424566818809,1,16
"21889",-73.312,40.98282,0.306561243618489,1,16
"21890",-73.28698,40.982876,0.303722883523733,1,16
"21891",-73.261955,40.98309,0.358109525339387,1,16
"21892",-73.23694,40.98311,0.315991923933325,1,16
"21893",-73.21192,40.9831,0.366166805608373,1,16
"21894",-73.18688,40.9834,0.839898261423514,1,16
"21945",-71.909706,40.99015,0.485652609597309,1,16
"21946",-71.88464,40.990334,0.527678651000315,1,16
"21947",-71.85957,40.99048,0.569796252406377,1,16
"21948",-71.834496,40.99078,0.54013081141602,1,16
"21949",-71.80942,40.990913,0.581973732812912,1,16
"21950",-71.78436,40.991047,0.51193033047457,1,16
"21951",-71.75929,40.99117,0.59790517334477,1,16
"21952",-71.73423,40.991287,0.525755890936125,1,16
"21953",-71.70914,40.99156,0.60614557361987,1,16
"21954",-71.684074,40.991676,0.576480132629513,1,16
"21955",-71.65897,40.99204,0.502682770165848,1,16
"21956",-71.6339,40.992134,0.654580815236841,1,16
"21957",-71.60887,40.991966,0.594059653216391,1,16
"21958",-71.58377,40.992317,0.561647412134334,1,16
"21959",-71.5587,40.992397,0.636451934631623,1,16
"21960",-71.533615,40.992607,0.614019733882742,1,16
"21961",-71.508514,40.992973,0.654763935242954,1,16
"21962",-71.48345,40.993008,0.549561491730856,1,16
"21963",-71.45836,40.99325,0.597447373329487,1,16
"21964",-71.43325,40.993576,0.561372732125164,1,16
"21965",-71.408165,40.993755,0.570894972443057,1,16
"21966",-71.383095,40.993824,0.612005413815496,1,16
"21967",-71.35799,40.994125,0.581058132782346,1,16
"21968",-71.3329,40.994316,0.587558892999368,1,16
"21969",-71.30783,40.994316,0.596165533286694,1,16
"21970",-71.28272,40.994606,0.60422281355568,1,16
"21971",-71.25763,40.994778,0.7833141795345,1,16
"21972",-71.23253,40.995056,0.698804296713206,1,16
"21973",-71.207436,40.995224,0.739090698058135,1,16
"21974",-71.182304,40.995644,0.78578629961703,1,16
"21975",-71.157196,40.995903,0.924865944260091,1,16
"21976",-71.1321,40.996048,0.757494258672523,1,16
"21977",-71.106995,40.996304,0.817923860689916,1,16
"21978",-71.0819,40.99641,0.876339142640063,1,16
"21979",-71.05679,40.996647,1.21117407381826,1,16
"21980",-71.03169,40.9968,0.730575617773866,1,16
"21981",-71.00659,40.99698,0.722060537489597,1,16
"21982",-70.98145,40.99738,0.659433495398844,1,16
"21983",-70.95636,40.99749,0.984837746262201,1,16
"22128",-73.61288,40.95389,0.414235807213117,1,16
"22129",-73.587875,40.953983,0.575289852589776,1,16
"22131",-73.537865,40.954216,0.509000410376757,1,16
"22132",-73.51288,40.954,0.48537792958814,1,16
"22141",-73.28781,40.95487,0.335494204584393,1,16
"22144",-73.2128,40.954933,0.459466448723106,1,16
"22145",-73.18778,40.95513,0.366716165626713,1,16
"22194",-71.96132,40.961758,0.506711410300341,1,16
"22195",-71.93629,40.961716,0.475397889254964,1,16
"22196",-71.91123,40.961872,0.517607050664083,1,16
"22197",-71.886185,40.962025,0.448021448341024,1,16
"22198",-71.86113,40.96217,0.528868931040051,1,16
"22199",-71.83606,40.962498,0.533080691180658,1,16
"22200",-71.811005,40.96261,0.540588611431303,1,16
"22201",-71.78595,40.962738,0.468714009031828,1,16
"22202",-71.760895,40.962864,0.552491411828669,1,16
"22203",-71.73585,40.962986,0.518888890706876,1,16
"22204",-71.710754,40.963387,0.566133852284111,1,16
"22205",-71.68571,40.963444,0.527953331009485,1,16
"22206",-71.66063,40.963737,0.531707291134808,1,16
"22207",-71.635574,40.963833,0.541046411446587,1,16
"22208",-71.61052,40.96395,0.507352330321737,1,16
"22209",-71.585434,40.964302,0.558259692021238,1,16
"22210",-71.56037,40.96436,0.564943572244374,1,16
"22211",-71.53529,40.964596,0.702008896820189,1,16
"22214",-71.460075,40.965218,0.593052493182768,1,16
"22215",-71.43499,40.965534,0.661081575453863,1,16
"22216",-71.40991,40.965744,0.563936412210751,1,16
"22217",-71.38485,40.965816,0.613470373864402,1,16
"22218",-71.35977,40.965984,0.710707097110571,1,16
"22222",-71.259445,40.96677,0.604405933561793,1,16
"22223",-71.234375,40.966892,0.616949653980555,1,16
"22224",-71.20928,40.96719,0.624091334218974,1,16
"22225",-71.184166,40.967613,0.984013706234691,1,16
"22226",-71.15908,40.96779,0.867183142334397,1,16
"22227",-71.13398,40.96802,0.858851182056242,1,16
"22228",-71.1089,40.968166,0.721602737474313,1,16
"22229",-71.0838,40.968407,0.870296182438324,1,16
"22230",-71.05875,40.968353,0.967441345681436,1,16
"22231",-71.03366,40.96848,0.760790418782562,1,16
"22233",-70.983444,40.969063,1.38147567950364,1,16
"22234",-70.95836,40.969196,1.25210139518458,1,16
"22368",-73.888405,40.925106,0.954165145238221,1,16
"22377",-73.66353,40.925625,0.358933565366897,1,16
"22378",-73.638535,40.925728,0.361680365458596,1,16
"22382",-73.538574,40.92618,0.396290046614013,1,16
"22441",-72.06295,40.93299,0.48125772945059,1,16
"22442",-72.03791,40.933174,0.521635690798576,1,16
"22445",-71.9628,40.933697,0.499661290064978,1,16
"22446",-71.93775,40.933857,0.50698609030951,1,16
"22447",-71.91271,40.934013,0.475672569264134,1,16
"22448",-71.88767,40.934196,0.517881730673253,1,16
"22449",-71.86263,40.93434,0.486201969615649,1,16
"22450",-71.83757,40.934723,0.491604009795992,1,16
"22451",-71.81252,40.93486,0.710340857098345,1,16
"22452",-71.787476,40.935017,0.574832052574493,1,16
"22453",-71.762436,40.935143,0.507352330321737,1,16
"22454",-71.7374,40.935238,0.552582971831725,1,16
"22455",-71.71233,40.935513,0.480250569416967,1,16
"22456",-71.68729,40.93562,0.561830532140448,1,16
"22457",-71.66222,40.93599,0.491420889789879,1,16
"22458",-71.63718,40.93609,1.15413219191396,1,16
"22459",-71.61213,40.93621,0.736160777960322,1,16
"22460",-71.58707,40.936428,0.587833573008538,1,16
"22461",-71.56203,40.936512,0.633430454530753,1,16
"22462",-71.53695,40.93685,0.679118896056025,1,16
"22465",-71.46176,40.937473,0.583804932874045,1,16
"22466",-71.4367,40.937687,0.621893894145614,1,16
"22467",-71.41161,40.938004,0.60065197343647,1,16
"22474",-71.23619,40.938965,0.638466254698869,1,16
"22475",-71.21111,40.939156,0.617224333989725,1,16
"22477",-71.16093,40.939842,0.797322860002168,1,16
"22478",-71.135864,40.93997,0.775623139277741,1,16
"22479",-71.11077,40.940243,0.772693219179928,1,16
"22618",-73.913925,40.897022,0.877163182667573,1,16
"22619",-73.88895,40.897133,0.96652574565087,1,16
"22626",-73.71413,40.897633,0.32954280438571,1,16
"22627",-73.68915,40.897747,0.378618966024078,1,16
"22628",-73.66418,40.897594,0.35636988528131,1,16
"22634",-73.51431,40.898075,1.5013277235048,1,16
"22638",-73.414375,40.89861,1.03052618778747,1,16
"22639",-73.38941,40.898453,1.04984534843243,1,16
"22648",-73.164536,40.899406,1.17445851259254,1,16
"22690",-72.114395,40.90493,0.466333448952355,1,16
"22691",-72.089386,40.904884,0.471735489132698,1,16
"22692",-72.06436,40.90508,0.475764129267191,1,16
"22693",-72.03934,40.905262,0.480525249426137,1,16
"22694",-72.01431,40.905415,0.45085980843578,1,16
"22695",-71.98929,40.90559,0.490413729756256,1,16
"22696",-71.964264,40.905785,0.496731369967165,1,16
"22697",-71.939224,40.90595,0.500576890095545,1,16
"22698",-71.9142,40.90611,0.506436730291171,1,16
"22699",-71.88917,40.90629,0.474482289224397,1,16
"22700",-71.86415,40.906387,0.518156410682423,1,16
"22701",-71.839096,40.906715,0.523741570868879,1,16
"22702",-71.814064,40.90685,0.591862213143031,1,16
"22703",-71.78903,40.90701,0.604039693549566,1,16
"22704",-71.76401,40.907104,0.579318492724269,1,16
"22705",-71.73898,40.907204,0.546814691639156,1,16
"22706",-71.71392,40.90758,0.549469931727799,1,16
"22707",-71.68889,40.907692,0.442710968163738,1,16
"22708",-71.66383,40.907978,0.562746132171014,1,16
"22709",-71.63883,40.90789,0.531341051122581,1,16
"22710",-71.6138,40.907986,0.75044413843716,1,16
"22711",-71.58875,40.908234,0.734787377914472,1,16
"22716",-71.46351,40.909256,0.576846372641739,1,16
"22717",-71.43845,40.909492,0.666025815618923,1,16
"22729",-71.137726,40.91204,0.733413977868622,1,16
"22730",-71.11266,40.912212,0.974491465916799,1,16
"22869",-73.914444,40.869205,0.954806065259618,1,16
"22870",-73.88947,40.86942,1.00314974687353,1,16
"22876",-73.7397,40.869747,0.47686284930387,1,16
"22938",-72.19081,40.876476,0.48235644948727,1,16
"22939",-72.1658,40.87669,0.453423488521366,1,16
"22940",-72.14078,40.876923,0.457635248661973,1,16
"22941",-72.11577,40.877125,0.462487928823975,1,16
"22942",-72.090775,40.877163,0.467249048982922,1,16
"22943",-72.06576,40.877354,0.472010169141868,1,16
"22944",-72.04075,40.877518,0.47686284930387,1,16
"22945",-72.01573,40.877697,0.446098688276834,1,16
"22946",-71.990715,40.877895,0.518980450709932,1,16
"22947",-71.96573,40.8778,0.522276610819972,1,16
"22948",-71.94071,40.877937,0.621985454148671,1,16
"22949",-71.915695,40.878075,0.538391171357944,1,16
"22950",-71.89068,40.878254,0.506162050282001,1,16
"22951",-71.86567,40.878403,0.549286811721686,1,16
"22952",-71.84062,40.87881,0.555421331926482,1,16
"22953",-71.815605,40.87894,0.561372732125164,1,16
"22954",-71.79058,40.879078,0.788349979702616,1,16
"22955",-71.76557,40.879173,0.681041656120215,1,16
"22956",-71.740555,40.8793,0.574008012546983,1,16
"22957",-71.715515,40.879597,0.548279651688063,1,16
"22958",-71.69049,40.879707,0.554414171892859,1,16
"22959",-71.66544,40.88005,0.552766091837839,1,16
"22960",-71.64043,40.880154,0.625281614258711,1,16
"22961",-71.61541,40.880245,0.528136451015598,1,16
"22962",-71.59037,40.880516,0.617499013998895,1,16
"22981",-71.11452,40.88445,0.942628584853082,1,16
"23120",-73.91496,40.84126,0.931366704477114,1,16
"23126",-73.76527,40.841587,0.406636326959415,1,16
"23186",-72.26715,40.848034,0.431174407778599,1,16
"23187",-72.24216,40.84826,0.436118647943658,1,16
"23188",-72.21716,40.848328,0.440330408084264,1,16
"23189",-72.19216,40.84854,0.47796156934055,1,16
"23190",-72.16717,40.848732,0.44921172838076,1,16
"23191",-72.142166,40.848972,0.45333192851831,1,16
"23192",-72.117165,40.84917,0.458276168683369,1,16
"23193",-72.09219,40.849102,0.462396368820919,1,16
"23194",-72.067184,40.84929,0.466699688964582,1,16
"23195",-72.04218,40.849476,0.622717934173124,1,16
"23196",-72.01718,40.849663,0.595341493259184,1,16
"23197",-71.99217,40.849834,0.47906028937723,1,16
"23198",-71.96718,40.850002,0.48537792958814,1,16
"23199",-71.94216,40.85017,0.525939010942238,1,16
"23200",-71.91716,40.85035,0.497189169982448,1,16
"23201",-71.89216,40.850456,0.466241888949298,1,16
"23202",-71.867165,40.85061,0.540222371419077,1,16
"23203",-71.842125,40.85101,0.513120610514306,1,16
"23204",-71.817116,40.851147,0.550477091761422,1,16
"23205",-71.792114,40.851307,0.640755254775286,1,16
"23206",-71.767105,40.851406,0.561464292128221,1,16
"23207",-71.7421,40.85153,0.498745690034411,1,16
"23208",-71.71708,40.851803,0.66199717548443,1,16
"23209",-71.69209,40.851727,0.632514854500187,1,16
"23210",-71.66707,40.85199,0.587101092984085,1,16
"23211",-71.64206,40.852093,0.560274012088485,1,16
"23212",-71.61706,40.85216,0.527037730978918,1,16
"23213",-71.59202,40.852512,0.573733332537813,1,16
"23233",-71.09137,40.856567,0.623084174185351,1,16
"23235",-71.041275,40.85696,0.894193343236111,1,16
"23376",-73.79079,40.813885,0.421743727463763,1,16
"23383",-73.6162,40.81442,1.01148170715169,1,16
"23433",-72.368355,40.819767,0.442894088169851,1,16
"23434",-72.343376,40.819855,0.416158567277307,1,16
"23435",-72.31839,40.820095,0.41991252740263,1,16
"23436",-72.2934,40.82034,0.423941167537123,1,16
"23438",-72.24346,40.820564,0.432181567812222,1,16
"23439",-72.21848,40.820606,0.436393327952828,1,16
"23440",-72.1935,40.820824,0.473566689193831,1,16
"23441",-72.16851,40.821037,0.444999968240154,1,16
"23442",-72.14352,40.821274,0.449394848386873,1,16
"23443",-72.11853,40.821472,0.453698168530536,1,16
"23444",-72.09357,40.82138,0.490505289759312,1,16
"23445",-72.06857,40.821575,0.527403970991145,1,16
"23446",-72.04359,40.82176,0.531707291134808,1,16
"23447",-72.01862,40.821674,0.469904289071565,1,16
"23448",-71.99363,40.821854,0.538940531376284,1,16
"23449",-71.968636,40.822018,0.577761972672306,1,16
"23450",-71.94365,40.822186,0.584903652910725,1,16
"23451",-71.918655,40.82235,0.492244929817389,1,16
"23452",-71.89366,40.822502,0.594609013234731,1,16
"23453",-71.868675,40.822617,0.501767170135281,1,16
"23454",-71.84365,40.82306,0.57492361257755,1,16
"23455",-71.818665,40.823147,0.513395290523476,1,16
"23456",-71.79366,40.8233,0.518247970685479,1,16
"23457",-71.76867,40.823425,0.487117569646216,1,16
"23458",-71.74368,40.823524,0.626929694313731,1,16
"23459",-71.718666,40.823822,0.652200255157368,1,16
"23460",-71.69367,40.823936,0.643502054866985,1,16
"23461",-71.66864,40.82428,0.507627010330907,1,16
"23465",-71.56864,40.82481,0.681957256150781,1,16
"23620",-73.96585,40.78543,0.834038421227888,1,16
"23621",-73.940926,40.785576,0.810507500442327,1,16
"23622",-73.916,40.78561,0.876339142640063,1,16
"23626",-73.8163,40.785877,0.896390783309471,1,16
"23681",-72.4445,40.791466,0.398029686672089,1,16
"23684",-72.36963,40.791798,0.468256209016545,1,16
"23685",-72.344666,40.791866,0.442436288154568,1,16
"23686",-72.31969,40.792137,0.445824008267664,1,16
"23687",-72.29471,40.79238,0.45113448844495,1,16
"23688",-72.26976,40.792374,0.369005165703129,1,16
"23689",-72.24479,40.79258,0.428244487680786,1,16
"23690",-72.219826,40.792618,0.431998447806109,1,16
"23691",-72.19485,40.79287,0.436576447958942,1,16
"23692",-72.169876,40.79308,0.440879768102604,1,16
"23693",-72.1449,40.79329,0.445091528243211,1,16
"23694",-72.11992,40.79349,0.449669528396043,1,16
"23695",-72.09497,40.793396,0.45360660852748,1,16
"23696",-72.06999,40.793617,0.583713372870989,1,16
"23697",-72.04501,40.793804,0.556886291975388,1,16
"23698",-72.02003,40.79398,0.523009090844425,1,16
"23699",-71.99505,40.79416,0.806753540317004,1,16
"23700",-71.97007,40.794334,0.542694491501607,1,16
"23701",-71.94509,40.79447,0.379534566054645,1,16
"23702",-71.92011,40.794655,0.45195852847246,1,16
"23703",-71.895134,40.794807,0.492428049823502,1,16
"23704",-71.870155,40.79493,0.461663888796465,1,16
"23705",-71.845146,40.79534,0.533080691180658,1,16
"23706",-71.82017,40.79545,0.506528290294227,1,16
"23707",-71.79518,40.795612,0.511289410453173,1,16
"23708",-71.7702,40.79574,0.556245371953992,1,16
"23709",-71.745224,40.795837,0.450951368438837,1,16
"23710",-71.720215,40.796112,0.565492932262714,1,16
"23711",-71.69524,40.796196,0.627662174338184,1,16
"23717",-71.54527,40.797333,0.568697532369697,1,16
"23871",-73.96635,40.75767,0.768206779030152,1,16
"23872",-73.94143,40.75784,0.891812783156638,1,16
"23873",-73.91652,40.75777,0.937043424666626,1,16
"23927",-72.57047,40.762825,0.379259886045475,1,16
"23928",-72.545525,40.76296,0.377978046002681,1,16
"23929",-72.520584,40.76298,0.388873686366423,1,16
"23932",-72.44575,40.7634,0.42430740754935,1,16
"23935",-72.37087,40.764023,0.740555658107041,1,16
"23936",-72.34594,40.764015,0.438773888032301,1,16
"23937",-72.32098,40.764282,0.381915126134118,1,16
"23938",-72.29601,40.764503,0.416707927295647,1,16
"23939",-72.27106,40.764606,0.388782126363367,1,16
"23940",-72.2461,40.76481,0.424215847546293,1,16
"23941",-72.22116,40.76477,0.428427607686899,1,16
"23942",-72.19619,40.765015,0.432547807824449,1,16
"23943",-72.17123,40.7652,0.469263369050168,1,16
"23944",-72.14626,40.76541,0.441062888108718,1,16
"23945",-72.1213,40.765644,0.445366208252381,1,16
"23946",-72.09635,40.76565,0.48153240945976,1,16
"23947",-72.07138,40.765873,0.649453455065668,1,16
"23948",-72.04642,40.76603,0.582706212837365,1,16
"23949",-72.02145,40.766216,0.494350809887692,1,16
"23950",-71.99648,40.766388,0.499569730061921,1,16
"23951",-71.97151,40.766563,0.744126498226251,1,16
"23952",-71.94654,40.766727,0.407918167002208,1,16
"23953",-71.92158,40.76691,0.447472088322684,1,16
"23954",-71.896614,40.767017,0.416799487298704,1,16
"23955",-71.87164,40.767166,0.528319571021711,1,16
"23956",-71.84666,40.76747,0.528960491043108,1,16
"23957",-71.821686,40.767605,0.568148172351357,1,16
"23958",-71.796715,40.767765,0.5439763315444,1,16
"23959",-71.77175,40.767838,0.579959412745666,1,16
"23960",-71.74678,40.767963,0.662088735487487,1,16
"23961",-71.72181,40.76808,0.609624853736022,1,16
"23962",-71.69684,40.768166,0.646340414961742,1,16
"24175",-72.64641,40.734905,0.35966604539135,1,16
"24176",-72.62147,40.735058,0.345840484929795,1,16
"24177",-72.59654,40.7351,0.352707485159044,1,16
"24178",-72.57161,40.73524,0.386584686290007,1,16
"24179",-72.546684,40.735268,0.392719206494803,1,16
"24180",-72.52175,40.7354,0.344467084883945,1,16
"24181",-72.4968,40.735687,0.355637405256857,1,16
"24182",-72.47189,40.73554,0.44756364832574,1,16
"24183",-72.44696,40.73555,0.422018407472933,1,16
"24184",-72.42202,40.735794,0.454339088551933,1,16
"24185",-72.39708,40.735893,0.488216289682896,1,16
"24189",-72.29731,40.73663,0.63654349463468,1,16
"24190",-72.27238,40.73663,0.44838768835325,1,16
"24191",-72.24743,40.736855,0.42073656743014,1,16
"24192",-72.22249,40.736923,0.42458208755852,1,16
"24193",-72.19754,40.73714,0.461114528778126,1,16
"24194",-72.172585,40.737354,0.527495530994202,1,16
"24195",-72.14763,40.737568,0.816092660628783,1,16
"24196",-72.12268,40.73777,0.637001294649963,1,16
"24197",-72.097755,40.73768,0.507352330321737,1,16
"24198",-72.07279,40.7379,0.646798214977025,1,16
"24199",-72.047844,40.738075,0.514219330550986,1,16
"24200",-72.02288,40.738266,0.627387494329014,1,16
"24201",-71.99793,40.73842,0.547180931651383,1,16
"24202",-71.97298,40.738613,0.610723573772702,1,16
"24203",-71.94802,40.73875,0.50781013033702,1,16
"24204",-71.92306,40.738937,0.442710968163738,1,16
"24205",-71.89811,40.739067,0.44783832833491,1,16
"24206",-71.87315,40.73919,0.452599448493856,1,16
"24207",-71.84817,40.7396,0.528685811033938,1,16
"24208",-71.82321,40.739735,0.426321727616596,1,16
"24209",-71.798256,40.739872,0.39390948653454,1,16
"24210",-71.77329,40.739994,0.540039251412963,1,16
"24211",-71.74834,40.740093,0.63379669454298,1,16
"24367",-74.116646,40.701946,0.796865059986885,1,16
"24368",-74.09176,40.70188,0.924133464235638,1,16
"24372",-73.99221,40.702145,0.709059017055552,1,16
"24420",-72.79704,40.706078,0.372392885816225,1,16
"24424",-72.69738,40.7066,0.386859366299177,1,16
"24425",-72.67245,40.706898,0.352524365152931,1,16
"24426",-72.64754,40.706947,0.389606166390877,1,16
"24427",-72.62261,40.707127,0.365892125599203,1,16
"24428",-72.5977,40.70717,0.363694685525843,1,16
"24429",-72.57278,40.70731,0.367540205654223,1,16
"24430",-72.54787,40.70734,0.371385725782602,1,16
"24431",-72.52294,40.70747,0.408101287008321,1,16
"24432",-72.49801,40.70773,0.379259886045475,1,16
"24433",-72.4731,40.70775,0.392078286473406,1,16
"24434",-72.44817,40.707886,0.388599006357254,1,16
"24435",-72.42323,40.708153,0.422201527479046,1,16
"24436",-72.398315,40.70815,0.533813171205111,1,16
"24441",-72.27366,40.70899,0.558442812027351,1,16
"24442",-72.248726,40.70919,0.448296128350194,1,16
"24443",-72.2238,40.70926,0.451226048448007,1,16
"24444",-72.19886,40.70948,0.520994770777179,1,16
"24445",-72.17392,40.709667,0.650643735105405,1,16
"24446",-72.14898,40.709904,0.546997811645269,1,16
"24451",-72.02429,40.710606,0.60532153359236,1,16
"24452",-71.999344,40.710754,0.542694491501607,1,16
"24453",-71.9744,40.71095,0.547547171663609,1,16
"24454",-71.94946,40.71109,0.591404413127748,1,16
"24455",-71.924515,40.711258,0.404255766879942,1,16
"24456",-71.899574,40.711384,0.409016887038888,1,16
"24457",-71.874626,40.711533,0.655404855264351,1,16
"24458",-71.84967,40.711834,0.578952252712043,1,16
"24459",-71.82472,40.71197,0.524382490890275,1,16
"24460",-71.799774,40.712112,0.496365129954938,1,16
"24461",-71.77483,40.712208,0.717574097339821,1,16
"24462",-71.74991,40.71215,0.780384259436687,1,16
"24618",-74.117065,40.674034,0.780658939445857,1,16
"24668",-72.87278,40.67822,0.335768884593563,1,16
"24669",-72.84788,40.67829,0.330824644428503,1,16
"24670",-72.82299,40.678223,0.39088800643367,1,16
"24671",-72.79808,40.67841,0.324232324208424,1,16
"24672",-72.77316,40.678783,0.342086524804472,1,16
"24673",-72.748276,40.6787,0.305828763594036,1,16
"24674",-72.72337,40.678764,0.345382684914512,1,16
"24675",-72.69846,40.678932,0.546540011629986,1,16
"24676",-72.673546,40.679234,0.315991923933325,1,16
"24677",-72.64864,40.679287,0.347305444978701,1,16
"24678",-72.62373,40.679462,0.328077844336804,1,16
"24679",-72.59883,40.67951,0.32652132428484,1,16
"24680",-72.57392,40.67965,0.380633286091324,1,16
"24681",-72.54904,40.67949,0.386035326271667,1,16
"24682",-72.52414,40.679546,0.653665215206274,1,16
"24683",-72.499214,40.67983,0.488674089698179,1,16
"24684",-72.4743,40.679924,0.379534566054645,1,16
"24685",-72.449394,40.67996,0.657510735334654,1,16
"24686",-72.42447,40.680202,0.636177254622453,1,16
"24687",-72.39956,40.680305,0.584079612883215,1,16
"24692",-72.27496,40.681145,0.467249048982922,1,16
"24693",-72.250046,40.681347,0.414876727234514,1,16
"24694",-72.225136,40.681313,0.417257287313987,1,16
"24695",-72.2002,40.681557,0.48400452954229,1,16
"24696",-72.17528,40.68172,0.623358854194521,1,16
"24703",-72.00078,40.682915,0.481349289453647,1,16
"24705",-71.95092,40.68325,0.491237769783766,1,16
"24706",-71.92599,40.683414,0.400501806754619,1,16
"24707",-71.901054,40.68354,0.594792133240844,1,16
"24708",-71.87612,40.68369,0.540771731437417,1,16
"24709",-71.85117,40.683994,0.549378371724742,1,16
"24710",-71.82623,40.684135,0.575106732583663,1,16
"24711",-71.80131,40.684273,0.758409858703089,1,16
"24712",-71.776375,40.684376,0.555696011935652,1,16
"24714",-71.72647,40.68488,0.585636132935178,1,16
"24867",-74.16721,40.6463,0.623450414197578,1,16
"24868",-74.14236,40.646122,0.621436094130331,1,16
"24869",-74.117485,40.646328,0.830925381123961,1,16
"24872",-74.0429,40.64653,0.410573407090851,1,16
"24881",-73.819115,40.6469,0.848779581720009,1,16
"24917",-72.92359,40.6499,0.355728965259914,1,16
"24918",-72.89869,40.650085,0.406270086947188,1,16
"24919",-72.87381,40.650215,0.345016444902285,1,16
"24922",-72.79915,40.650436,0.464502248891222,1,16
"24923",-72.77424,40.6508,0.355728965259914,1,16
"24924",-72.74937,40.65072,0.335127964572166,1,16
"24925",-72.724464,40.650864,0.338607244688319,1,16
"24926",-72.69958,40.65093,0.342178084807529,1,16
"24927",-72.67467,40.65128,0.395649126592616,1,16
"24928",-72.64977,40.651436,0.395740686595673,1,16
"24929",-72.624886,40.65148,0.346756084960361,1,16
"24930",-72.59998,40.65163,0.371385725782602,1,16
"24931",-72.57509,40.65167,0.394550406555936,1,16
"24932",-72.55019,40.651775,0.361405685449427,1,16
"24933",-72.52531,40.65183,0.528044891012541,1,16
"24934",-72.5004,40.652115,0.614385973894969,1,16
"24935",-72.4755,40.65213,0.648995655050385,1,16
"24936",-72.45061,40.65225,0.383746326195251,1,16
"24937",-72.4257,40.652515,0.613561933867459,1,16
"24938",-72.400795,40.65251,0.669871335747303,1,16
"24939",-72.375885,40.65275,0.422750887497386,1,16
"24940",-72.35098,40.652843,0.532989131177601,1,16
"24941",-72.32607,40.65311,0.401142726776015,1,16
"24942",-72.301155,40.653355,0.735702977945039,1,16
"24943",-72.27626,40.653328,0.521177890783292,1,16
"24944",-72.25135,40.653534,0.548829011706403,1,16
"24956",-71.95238,40.655415,0.455071568576386,1,16
"24957",-71.92745,40.655598,0.553223891853122,1,16
"24958",-71.902534,40.65573,0.564760452238261,1,16
"24959",-71.87761,40.65588,0.472376409154094,1,16
"24960",-71.85266,40.656284,0.567141012317734,1,16
"24961",-71.827774,40.65611,0.734970497920585,1,16
"25123",-74.04336,40.61865,0.729660017743299,1,16
"25168",-72.92457,40.622288,0.400318686748506,1,16
"25169",-72.89968,40.622475,0.497463849991618,1,16
"25170",-72.87481,40.622604,0.312604203820229,1,16
"25174",-72.77528,40.62319,0.468530889025715,1,16
"25175",-72.75042,40.62311,0.30051828341675,1,16
"25176",-72.72553,40.623257,0.335402644581336,1,16
"25177",-72.70066,40.623318,0.306286563609319,1,16
"25178",-72.67576,40.623642,0.309674283722416,1,16
"25179",-72.65087,40.62383,0.398945286702656,1,16
"25180",-72.62601,40.62369,0.311780163792719,1,16
"25181",-72.601135,40.623734,0.284953082897118,1,16
"25182",-72.57625,40.623875,0.327253804309294,1,16
"25183",-72.55137,40.6239,0.371019485770375,1,16
"25184",-72.52649,40.62404,0.384570366222761,1,16
"25185",-72.50159,40.624302,0.480616809429193,1,16
"25186",-72.47671,40.624317,0.667765455676999,1,16
"25187",-72.45182,40.624454,0.389697726393933,1,16
"25188",-72.42692,40.624718,0.522734410835255,1,16
"25189",-72.40204,40.624725,0.575015172580606,1,16
"25190",-72.37714,40.624958,0.41908848737512,1,16
"25191",-72.35225,40.62505,0.505154890248377,1,16
"25192",-72.32734,40.625324,0.452691008496913,1,16
"25193",-72.30244,40.625565,0.72471577757824,1,16
"25194",-72.277565,40.625538,0.483546729527006,1,16
"25208",-71.92892,40.627785,0.773791939216608,1,16
"25209",-71.904015,40.627945,0.78001801942446,1,16
"25210",-71.879105,40.628067,0.526122130948352,1,16
"25412",-73.09956,40.593918,0.335127964572166,1,16
"25413",-73.074715,40.593906,0.404622006892168,1,16
"25414",-73.04985,40.594044,0.310223643740756,1,16
"25415",-73.025,40.59402,0.324232324208424,1,16
"25417",-72.975266,40.5944,0.300426723413693,1,16
"25418",-72.95041,40.59436,0.39390948653454,1,16
"25419",-72.925545,40.594604,0.420645007427083,1,16
"25421",-72.87581,40.594917,0.426230167613539,1,16
"25422",-72.850945,40.595016,0.406819446965528,1,16
"25426",-72.75148,40.595394,0.39171204646118,1,16
"25427",-72.726616,40.595467,0.364427165550296,1,16
"25428",-72.701744,40.595608,0.400410246751562,1,16
"25429",-72.676865,40.595963,0.321851764128951,1,16
"25430",-72.65199,40.596035,0.376421525950718,1,16
"25431",-72.62711,40.596165,0.460931408772012,1,16
"25432",-72.60226,40.596207,0.281565362784022,1,16
"25433",-72.57738,40.59635,0.337600084654696,1,16
"25434",-72.55251,40.596382,0.35719392530882,1,16
"25435",-72.52763,40.596516,0.521269450786349,1,16
"25436",-72.502754,40.596775,0.45278256849997,1,16
"25437",-72.47788,40.596786,0.506345170288114,1,16
"25438",-72.45301,40.596935,0.405537606922735,1,16
"25439",-72.428116,40.5972,0.56915533238498,1,16
"25440",-72.40325,40.5972,0.380267046079098,1,16
"25441",-72.378365,40.59743,0.349594445055118,1,16
"25442",-72.353485,40.597527,1.0666008289918,1,16
"25443",-72.32859,40.597797,0.662638095505827,1,16
"25618",-74.218056,40.56277,0.843926901558007,1,16
"25619",-74.19322,40.563046,0.816825140653236,1,16
"25625",-74.04425,40.563366,0.320295244076988,1,16
"25651",-73.39859,40.564877,0.324232324208424,1,16
"25652",-73.37373,40.565216,0.703931656884379,1,16
"25653",-73.3489,40.565258,0.340163764740282,1,16
"25654",-73.324066,40.565296,0.340346884746396,1,16
"25655",-73.29922,40.56533,0.464227568882052,1,16
"25656",-73.274376,40.565544,0.391803606464237,1,16
"25657",-73.249535,40.56559,0.427145767644106,1,16
"25658",-73.22469,40.56561,0.322126444138121,1,16
"25659",-73.19984,40.565887,0.281107562768739,1,16
"25660",-73.175,40.5659,0.277536722649529,1,16
"25661",-73.150154,40.566055,0.349319765045948,1,16
"25662",-73.12531,40.566055,0.331007764434617,1,16
"25663",-73.10045,40.566338,0.316266603942495,1,16
"25681",-72.653114,40.56817,0.501034690110828,1,16
"25682",-72.62825,40.568317,0.378435846017965,1,16
"25683",-72.6034,40.568314,0.766100898959849,1,16
"25684",-72.57854,40.568455,0.307843083661282,1,16
"25685",-72.55369,40.568485,0.344100844871718,1,16
"25686",-72.528824,40.56864,0.420004087405687,1,16
"25687",-72.503944,40.5689,0.313062003835512,1,16
"25688",-72.479095,40.56892,0.450768248432723,1,16
"25689",-72.45422,40.569065,0.7269132176516,1,16
"25690",-72.42935,40.56931,0.456994328640576,1,16
"25691",-72.404495,40.569305,0.376604645956832,1,16
"25692",-72.379616,40.56956,0.380541726088268,1,16
"25693",-72.35475,40.569656,0.415517647255911,1,16
"25875",-74.06953,40.53554,0.298137723337277,1,16
"25876",-74.04471,40.535496,0.304913163563469,1,16
"25877",-74.0199,40.535522,0.307293723642942,1,16
"25878",-73.99508,40.53547,0.305462523581809,1,16
"25880",-73.94544,40.535686,0.429984127738862,1,16
"25884",-73.84616,40.535954,0.439048568041471,1,16
"25885",-73.82136,40.535866,0.359849165397463,1,16
"25886",-73.796524,40.536003,0.287974562997988,1,16
"25887",-73.771706,40.536007,0.373857845865132,1,16
"25888",-73.74689,40.536163,0.415242967246741,1,16
"25889",-73.72206,40.536285,0.434653687894752,1,16
"25896",-73.548294,40.536823,0.265359242242994,1,16
"25897",-73.52348,40.53675,0.29612340327003,1,16
"25898",-73.49866,40.536823,0.306103443603206,1,16
"25899",-73.47383,40.536926,0.242011441463546,1,16
"25900",-73.44899,40.537148,0.273324962508923,1,16
"25901",-73.424164,40.537212,0.488033169676783,1,16
"25902",-73.39935,40.53711,0.333205204507976,1,16
"25903",-73.37451,40.537342,0.526213690951408,1,16
"25905",-73.32486,40.537426,0.457909928671143,1,16
"25906",-73.30003,40.53746,0.439231688047585,1,16
"25907",-73.27519,40.537777,0.374590325889585,1,16
"25908",-73.25037,40.537804,0.868739662386361,1,16
"25909",-73.22554,40.537823,0.380999526103551,1,16
"25910",-73.2007,40.538013,0.472010169141868,1,16
"25911",-73.17587,40.538,0.374315645880415,1,16
"25912",-73.151024,40.53827,0.413411767185607,1,16
"25932",-72.654205,40.54064,0.36049008541886,1,16
"25933",-72.629364,40.54069,0.429892567735806,1,16
"25934",-72.604515,40.540817,0.504971770242264,1,16
"25935",-72.57967,40.540855,0.434470567888638,1,16
"25936",-72.554825,40.54099,0.342910564831982,1,16
"25937",-72.529976,40.541042,0.491970249808219,1,16
"25938",-72.50512,40.541306,0.473200449181604,1,16
"25939",-72.48026,40.541424,0.378252726011851,1,16
"25940",-72.45542,40.54146,0.946657224987575,1,16
"25941",-72.43056,40.54168,0.475947249273304,1,16
"25942",-72.4057,40.541786,0.51138097045623,1,16
"25943",-72.380844,40.541965,0.409383127051115,1,16
"25944",-72.355995,40.542034,0.359574485388293,1,16
"26123",-74.14438,40.507576,0.277536722649529,1,16
"26124",-74.11957,40.50781,0.318555604018911,1,16
"26125",-74.094765,40.50786,0.281931602796249,1,16
"26126",-74.06997,40.50777,0.300426723413693,1,16
"26127",-74.04515,40.508015,0.276712682622019,1,16
"26129",-73.995544,40.507988,0.314069163869135,1,16
"26145",-73.5986,40.509113,0.289164843037724,1,16
"26146",-73.57379,40.50923,0.479701209398627,1,16
"26147",-73.54897,40.509346,0.366624605623656,1,16
"26148",-73.52417,40.509247,0.39281076649786,1,16
"26149",-73.49935,40.50932,0.462121688811749,1,16
"26150",-73.47454,40.509445,0.459649568729219,1,16
"26154",-73.37527,40.50984,0.429709447729692,1,16
"26155",-73.350464,40.509724,0.364244045544183,1,16
"26157",-73.300835,40.509796,0.369554525721469,1,16
"26185",-72.60565,40.513054,0.608892373711569,1,16
"26186",-72.58082,40.513172,0.521086330780236,1,16
"26190",-72.48145,40.51364,0.522276610819972,1,16
"26191",-72.45661,40.51378,0.633430454530753,1,16
"26192",-72.43176,40.514027,0.612646333836892,1,16
"26193",-72.40694,40.514,0.455804048600839,1,16
"26194",-72.38208,40.514286,0.6058708936107,1,16
"26375",-74.11999,40.480225,0.291911643129424,1,16
"26376",-74.09519,40.480278,0.274698362554773,1,16
"26377",-74.0704,40.48021,0.342910564831982,1,16
"26378",-74.0456,40.48043,0.302349483477883,1,16
"26379",-74.020805,40.48046,0.436668007961998,1,16
"26380",-73.99602,40.480408,0.472559529160208,1,16
"26382",-73.94642,40.480625,0.337325404645526,1,16
"26398",-73.54965,40.48177,0.429343207717466,1,16
"26403",-73.42564,40.482155,0.441886928136228,1,16
"26441",-72.482635,40.486065,0.388324326348084,1,16
"26442",-72.45782,40.486103,0.544617251565796,1,16
"26443",-72.432976,40.486324,0.543518531529116,1,16
"26444",-72.40815,40.486427,0.399769326730166,1,16
"26445",-72.38331,40.486687,0.523650010865822,1,16
"26631",-73.9965,40.45267,1.1677746323694,1,16
"26633",-73.94693,40.452778,0.493160529847955,1,16
"26885",-73.922646,40.425373,0.3314655644499,1,16
"27386",-73.9484,40.3701,0.357010805302707,1,16
"27387",-73.92366,40.370033,0.475489449258021,1,16
"27388",-73.898895,40.37022,0.297679923321994,1,16
"27389",-73.87415,40.370216,0.615942493946932,1,16
"27638",-73.924164,40.34243,0.466516568958468,1,16
"27639",-73.899414,40.342617,0.314069163869135,1,16
"27890",-73.899925,40.315285,0.291087603101914,1,16
"28140",-73.92516,40.28731,0.30161700345343,1,16
"28141",-73.900444,40.2875,0.309124923704076,1,16
"28142",-73.87573,40.287525,0.328901884364313,1,16
"28390",-73.950356,40.25989,0.296031843266974,1,16
"28391",-73.92566,40.259903,0.305462523581809,1,16
"28392",-73.90095,40.26009,0.51467713056627,1,16
"28393",-73.87625,40.26001,0.503506810193358,1,16
"28641",-73.95084,40.232403,0.280100402735115,1,16
"28642",-73.926155,40.232334,0.29667276328837,1,16
"28643",-73.90146,40.23252,0.446007128273777,1,16
"28892",-73.95132,40.205124,0.29996892339841,1,16
"28893",-73.92665,40.20503,0.300426723413693,1,16
"28894",-73.90196,40.205215,0.330183724407107,1,16
"28895",-73.8773,40.204956,0.523009090844425,1,16
"28896",-73.85261,40.205105,0.487300689652329,1,16
"29143",-73.95182,40.1773,0.318830284028081,1,16
"29144",-73.927155,40.177334,0.293834403193614,1,16
"29145",-73.90247,40.177525,0.304272243542073,1,16
"29146",-73.877815,40.17744,0.332198044474353,1,16
"29147",-73.85314,40.177597,0.413320207182551,1,16
"29393",-73.97695,40.149956,0.391254246445897,1,16
"29394",-73.95229,40.150124,0.280100402735115,1,16
"29395",-73.92764,40.15006,0.408192847011378,1,16
"29644",-73.977425,40.1226,0.262978682163521,1,16
"29645",-73.952774,40.122776,0.288066123001045,1,16
"29895",-73.9779,40.095173,0.425039887573803,1,16
"29896",-73.95326,40.095345,0.291545403117198,1,16
"30146",-73.97837,40.06759,0.269387882377487,1,16
"30147",-73.95374,40.067757,0.444908408237097,1,16
"30396",-74.00344,40.0404,0.279093242701492,1,16
"30397",-73.97883,40.04045,0.281290682774852,1,16
"30398",-73.954216,40.0406,0.283121882835985,1,16
"30399",-73.92961,40.04053,0.295665603254747,1,16
"30400",-73.90499,40.04072,0.311871723795775,1,16
"30647",-74.0039,40.012985,0.278635442686209,1,16
"30648",-73.9793,40.013027,0.255012961897592,1,16
"30649",-73.954704,40.013203,0.309948963731586,1,16
"30650",-73.93011,40.01311,0.321760204125894,1,16
"30651",-73.905495,40.013298,0.674174655890965,1,16
"30898",-74.00436,39.985714,0.282206282805419,1,16
"30899",-73.97977,39.985737,0.277536722649529,1,16
"30900",-73.95517,39.985912,0.278727002689266,1,16
"30901",-73.93059,39.985844,0.464410688888165,1,16
"30902",-73.906,39.98603,0.35746860531799,1,16
"30903",-73.88141,39.98603,0.340530004752509,1,16
"31149",-74.00481,39.958347,0.323866084196197,1,16
"31150",-73.98024,39.958263,0.263711162187974,1,16
"31151",-73.95566,39.958435,0.277353602643416,1,16
"31152",-73.93108,39.958477,0.402790806831035,1,16
"31153",-73.906494,39.958637,0.596806453308091,1,16
"31154",-73.88193,39.95856,0.288157683004101,1,16
"31155",-73.857346,39.95871,0.32789472433069,1,16
"31400",-74.005264,39.930954,0.250892761760042,1,16
"31401",-73.980705,39.930866,0.401142726776015,1,16
"31402",-73.95614,39.93104,0.549469931727799,1,16
"31403",-73.931564,39.93108,0.390521766421443,1,16
"31404",-73.907,39.931267,0.555329771923425,1,16
"31650",-74.030266,39.903816,0.282114722802362,1,16
"31651",-74.005714,39.90377,0.395466006586503,1,16
"31652",-73.98116,39.903793,0.27176844245696,1,16
"31653",-73.956604,39.903934,0.408375967017491,1,16
"31654",-73.93205,39.903873,0.457452128655859,1,16
"31655",-73.90749,39.904064,0.409291567048058,1,16
"31901",-74.03071,39.876556,0.273874322527263,1,16
"31902",-74.006165,39.87651,0.274606802551716,1,16
"31903",-73.98163,39.87653,0.386126886274724,1,16
"31904",-73.95708,39.876705,0.277719842655642,1,16
"31905",-73.93253,39.87664,0.469171809047111,1,16
"31906",-73.90798,39.876823,0.536651531299867,1,16
"32153",-74.006615,39.84933,0.267190442304127,1,16
"32154",-73.982086,39.849358,0.257118841967895,1,16
"32155",-73.95755,39.849525,0.301525443450373,1,16
"32156",-73.93302,39.84946,0.814169900564593,1,16
"32157",-73.90848,39.849625,0.348678845024551,1,16
"32158",-73.88396,39.849365,0.42156060745765,1,16
"32403",-74.031586,39.821865,0.26902164236526,1,16
"32404",-74.00707,39.82181,0.271035962432506,1,16
"32405",-73.98255,39.821835,0.313519803850795,1,16
"32406",-73.95802,39.821987,0.599736373405904,1,16
"32407",-73.93351,39.82189,0.36461028555641,1,16
"32408",-73.90899,39.822083,0.352615925155987,1,16
"32654",-74.03203,39.794636,0.409291567048058,1,16
"32655",-74.00752,39.79456,0.393451686519256,1,16
"32656",-73.98301,39.79461,0.27341652251198,1,16
"32657",-73.958496,39.79478,0.468256209016545,1,16
"32658",-73.934,39.794685,0.382556046155514,1,16
"32659",-73.90948,39.79488,0.258034441998461,1,16
"32661",-73.86046,39.79501,0.505246450251434,1,16
"32905",-74.03246,39.767513,0.38869056636031,1,16
"32906",-74.007965,39.767536,0.276071762600623,1,16
"32907",-73.98347,39.76746,0.278910122695379,1,16
"32908",-73.95897,39.76766,0.340255324743339,1,16
"32909",-73.93447,39.767666,0.322584244153404,1,16
"32910",-73.909966,39.767857,0.524016250878049,1,16
"32911",-73.88547,39.767754,0.352615925155987,1,16
"32912",-73.86096,39.767906,0.404164206876885,1,16
"32913",-73.83647,39.76788,0.494350809887692,1,16
"33156",-74.0329,39.740368,0.261513722114614,1,16
"33157",-74.008415,39.740395,0.280741322756512,1,16
"33158",-73.983925,39.740337,0.264993002230767,1,16
"33159",-73.959435,39.74051,0.54232825148938,1,16
"33160",-73.934944,39.740524,0.467340608985978,1,16
"33161",-73.91045,39.74071,0.392993886503973,1,16
"33162",-73.88597,39.740612,0.550934891776706,1,16
"33163",-73.86147,39.740765,0.398212806678202,1,16
"33164",-73.83699,39.74078,0.553407011859235,1,16
"33407",-74.03334,39.71299,0.435935527937545,1,16
"33408",-74.008865,39.713013,0.396106926607899,1,16
"33409",-73.98439,39.712963,0.315991923933325,1,16
"33410",-73.959915,39.713135,0.384112566207477,1,16
"33411",-73.93544,39.713146,0.290446683080518,1,16
"33412",-73.91095,39.71331,0.342086524804472,1,16
"33413",-73.88648,39.71321,0.603307213525113,1,16
"33414",-73.862,39.713364,0.463678208863712,1,16
"33415",-73.837524,39.71338,0.746690178311837,1,16
"33657",-74.05824,39.685913,0.26709888230107,1,16
"33658",-74.033775,39.685863,0.347946365000098,1,16
"33659",-74.00931,39.685898,0.473108889178548,1,16
"33660",-73.98485,39.68584,0.39281076649786,1,16
"33661",-73.96037,39.686016,0.314252283875248,1,16
"33662",-73.93591,39.686028,0.350418485082628,1,16
"33663",-73.91144,39.686214,0.413778007197834,1,16
"33664",-73.88698,39.68612,0.468164649013488,1,16
"33665",-73.8625,39.68625,0.280466642747342,1,16
"33666",-73.83804,39.686264,0.401325846782129,1,16
"33906",-74.107574,39.658478,0.263985842197144,1,16
"33907",-74.08312,39.658417,0.271860002460016,1,16
"33908",-74.05866,39.65864,0.273050282499753,1,16
"33909",-74.03421,39.658672,0.398029686672089,1,16
"33910",-74.00976,39.65862,0.270578162417223,1,16
"33911",-73.985306,39.658543,0.516874570639629,1,16
"33912",-73.960846,39.658714,0.352432805149874,1,16
"33913",-73.93639,39.658756,0.325331044245104,1,16
"33914",-73.911934,39.658916,0.319013404034195,1,16
"33915",-73.88748,39.65884,0.385760646262497,1,16
"33916",-73.86303,39.658993,0.39006396640616,1,16
"33917",-73.83857,39.65899,0.45223320848163,1,16
"34157",-74.10797,39.631466,0.405537606922735,1,16
"34158",-74.083534,39.63151,0.405079806907452,1,16
"34159",-74.05908,39.63173,0.406178526944132,1,16
"34160",-74.03464,39.63166,0.228552121014218,1,16
"34161",-74.01019,39.631687,0.414510487222287,1,16
"34162",-73.985756,39.63161,0.347580124987871,1,16
"34163",-73.96131,39.631783,0.608892373711569,1,16
"34164",-73.93687,39.631798,0.339980644734169,1,16
"34165",-73.912415,39.631985,0.355179605241574,1,16
"34166",-73.88798,39.63191,0.443443448188191,1,16
"34407",-74.1328,39.604435,0.260506562080991,1,16
"34408",-74.10837,39.604378,0.408833767032775,1,16
"34409",-74.08394,39.604424,0.299328003377013,1,16
"34410",-74.0595,39.60464,0.27012036240194,1,16
"34411",-74.03507,39.604572,0.388232766345027,1,16
"34412",-74.01064,39.604626,0.267007322298014,1,16
"34413",-73.986206,39.604546,0.404072646873828,1,16
"34414",-73.96178,39.604694,0.336043564602733,1,16
"34415",-73.93735,39.60471,0.323682964190084,1,16
"34416",-73.9129,39.6049,0.262704002154351,1,16
"34657",-74.157616,39.576935,0.401234286779072,1,16
"34658",-74.13319,39.577168,0.269754122389713,1,16
"34659",-74.10877,39.577087,0.260415002077934,1,16
"34660",-74.08435,39.57716,0.406636326959415,1,16
"34661",-74.05993,39.577354,0.356827685296594,1,16
"34662",-74.03551,39.57731,0.407185686977755,1,16
"34663",-74.011086,39.577335,0.412496167155041,1,16
"34664",-73.986664,39.57728,0.262795562157407,1,16
"34665",-73.96224,39.577457,0.396747846629296,1,16
"34666",-73.93782,39.577465,0.369462965718412,1,16
"34667",-73.91339,39.57766,0.29996892339841,1,16
"34908",-74.15799,39.549973,0.257301961974008,1,16
"34909",-74.133575,39.55021,0.404713566895225,1,16
"34910",-74.10917,39.550236,0.38814120634197,1,16
"34911",-74.08476,39.550198,0.277262042640359,1,16
"34912",-74.06034,39.55042,0.549653051733912,1,16
"34913",-74.035934,39.550453,0.390979566436727,1,16
"34914",-74.01152,39.550404,0.387958086335857,1,16
"34915",-73.98711,39.550426,0.262246202139067,1,16
"34916",-73.9627,39.550575,0.409749367063341,1,16
"35158",-74.18276,39.52309,0.401051166772959,1,16
"35159",-74.15836,39.52292,0.402058326806582,1,16
"35160",-74.13396,39.52315,0.400410246751562,1,16
"35161",-74.10956,39.52318,0.386859366299177,1,16
"35162",-74.08517,39.523144,0.404622006892168,1,16
"35163",-74.06076,39.52334,0.407551926989981,1,16
"35164",-74.03636,39.5234,0.30326508350845,1,16
"35165",-74.01196,39.523323,0.342086524804472,1,16
"35166",-73.987564,39.523373,0.502774330168904,1,16
"35167",-73.963165,39.52351,0.304363803545129,1,16
